Provincia,Canton,Parroquia,Femenino,Masculino,Textbox17,Textbox6,Textbox7,Textbox18,id
AZUAY,CAMILO PONCE ENRIQUEZ,CAMILO PONCE ENRIQUEZ,303,284,587,"360,463","347,776","708,239",1
AZUAY,CAMILO PONCE ENRIQUEZ,EL CARMEN DEL PIJILI,0,0,0,"360,463","347,776","708,239",2
AZUAY,CHORDELEG,CHORDELEG,302,321,623,"360,463","347,776","708,239",3
AZUAY,CHORDELEG,LA UNION,0,0,0,"360,463","347,776","708,239",4
AZUAY,CHORDELEG,LUIS GALARZA ORELLANA,0,0,0,"360,463","347,776","708,239",5
AZUAY,CHORDELEG,PRINCIPAL,20,25,45,"360,463","347,776","708,239",6
AZUAY,CHORDELEG,SAN MARTIN DE PUZHIO,0,0,0,"360,463","347,776","708,239",7
AZUAY,CUENCA,BA벮S,403,"1,013","1,416","360,463","347,776","708,239",8
AZUAY,CUENCA,BELLAVISTA,347,585,932,"360,463","347,776","708,239",9
AZUAY,CUENCA,CA베RIBAMBA,693,822,"1,515","360,463","347,776","708,239",10
AZUAY,CUENCA,CHAUCHA,19,24,43,"360,463","347,776","708,239",11
AZUAY,CUENCA,CHECA (JIDCAY),42,52,94,"360,463","347,776","708,239",12
AZUAY,CUENCA,CHIQUINTAD,122,179,301,"360,463","347,776","708,239",13
AZUAY,CUENCA,CUMBE,145,165,310,"360,463","347,776","708,239",14
AZUAY,CUENCA,EL BATAN,207,169,376,"360,463","347,776","708,239",15
AZUAY,CUENCA,EL SAGRARIO,"1,223","1,163","2,386","360,463","347,776","708,239",16
AZUAY,CUENCA,EL VECINO,966,"1,091","2,057","360,463","347,776","708,239",17
AZUAY,CUENCA,GIL RAMIREZ DAVALOS,955,989,"1,944","360,463","347,776","708,239",18
AZUAY,CUENCA,HERMANO MIGUEL,83,79,162,"360,463","347,776","708,239",19
AZUAY,CUENCA,HUAYNACAPAC,781,"1,495","2,276","360,463","347,776","708,239",20
AZUAY,CUENCA,LLACAO,46,31,77,"360,463","347,776","708,239",21
AZUAY,CUENCA,MACHANGARA,68,214,282,"360,463","347,776","708,239",22
AZUAY,CUENCA,MOLLETURO,106,97,203,"360,463","347,776","708,239",23
AZUAY,CUENCA,MONAY,"1,684",324,"2,008","360,463","347,776","708,239",24
AZUAY,CUENCA,NULTI,133,143,276,"360,463","347,776","708,239",25
AZUAY,CUENCA,OCTAVIO CORDERO PALACIOS (SANTA ROSA),18,20,38,"360,463","347,776","708,239",26
AZUAY,CUENCA,PACCHA,62,57,119,"360,463","347,776","708,239",27
AZUAY,CUENCA,QUINGEO,48,48,96,"360,463","347,776","708,239",28
AZUAY,CUENCA,RICAURTE,631,575,"1,206","360,463","347,776","708,239",29
AZUAY,CUENCA,SAN BLAS,133,231,364,"360,463","347,776","708,239",30
AZUAY,CUENCA,SAN JOAQUIN,90,86,176,"360,463","347,776","708,239",31
AZUAY,CUENCA,SAN SEBASTIAN,"2,157",647,"2,804","360,463","347,776","708,239",32
AZUAY,CUENCA,SANT ANA,75,122,197,"360,463","347,776","708,239",33
AZUAY,CUENCA,SAYAUSI,140,188,328,"360,463","347,776","708,239",34
AZUAY,CUENCA,SIDCAY,0,0,0,"360,463","347,776","708,239",35
AZUAY,CUENCA,SININCAY,22,56,78,"360,463","347,776","708,239",36
AZUAY,CUENCA,SUCRE,"1,428","2,013","3,441","360,463","347,776","708,239",37
AZUAY,CUENCA,TARQUI,47,118,165,"360,463","347,776","708,239",38
AZUAY,CUENCA,TOTORACOCHA,"1,469",264,"1,733","360,463","347,776","708,239",39
AZUAY,CUENCA,TURI,105,127,232,"360,463","347,776","708,239",40
AZUAY,CUENCA,VALLE,160,626,786,"360,463","347,776","708,239",41
AZUAY,CUENCA,VICTORIA DEL PORTETE (IRQUIS),23,26,49,"360,463","347,776","708,239",42
AZUAY,CUENCA,YANUNCAY,753,"1,788","2,541","360,463","347,776","708,239",43
AZUAY,EL PAN,EL PAN,33,41,74,"360,463","347,776","708,239",44
AZUAY,EL PAN,SAN VICENTE,0,0,0,"360,463","347,776","708,239",45
AZUAY,GIRON,ASUNCION,44,59,103,"360,463","347,776","708,239",46
AZUAY,GIRON,GIRON,215,161,376,"360,463","347,776","708,239",47
AZUAY,GIRON,SAN GERARDO,0,0,0,"360,463","347,776","708,239",48
AZUAY,GUACHAPALA,GUACHAPALA,52,74,126,"360,463","347,776","708,239",49
AZUAY,GUALACEO,DANIEL CORDOVA TORAL (EL ORIENTE),0,0,0,"360,463","347,776","708,239",50
AZUAY,GUALACEO,GUALACEO,793,774,"1,567","360,463","347,776","708,239",51
AZUAY,GUALACEO,JADAN,65,66,131,"360,463","347,776","708,239",52
AZUAY,GUALACEO,LUIS CORDERO VEGA,0,0,0,"360,463","347,776","708,239",53
AZUAY,GUALACEO,MARIANO MORENO,37,27,64,"360,463","347,776","708,239",54
AZUAY,GUALACEO,REMIGIO CRESPO TORAL (GULAG),0,0,0,"360,463","347,776","708,239",55
AZUAY,GUALACEO,SAN JUAN,32,41,73,"360,463","347,776","708,239",56
AZUAY,GUALACEO,SIMON BOLIVAR (CAB.EN GA베NZOL),0,0,0,"360,463","347,776","708,239",57
AZUAY,GUALACEO,ZHIDMAD,23,28,51,"360,463","347,776","708,239",58
AZUAY,NABON,COCHAPATA,27,34,61,"360,463","347,776","708,239",59
AZUAY,NABON,EL PROGRESO,13,18,31,"360,463","347,776","708,239",60
AZUAY,NABON,LAS NIEVES (CHAYA),33,36,69,"360,463","347,776","708,239",61
AZUAY,NABON,NABON,119,132,251,"360,463","347,776","708,239",62
AZUAY,O베,SAN FELIPE DE O베,30,32,62,"360,463","347,776","708,239",63
AZUAY,O베,SUSUDEL,22,21,43,"360,463","347,776","708,239",64
AZUAY,PAUTE,BULAN (JOSE VICTOR IZQUIERDO),0,0,0,"360,463","347,776","708,239",65
AZUAY,PAUTE,CHICAN (GUILLERMO ORTEGA),86,161,247,"360,463","347,776","708,239",66
AZUAY,PAUTE,DUG DUG,0,0,0,"360,463","347,776","708,239",67
AZUAY,PAUTE,EL CABO,17,17,34,"360,463","347,776","708,239",68
AZUAY,PAUTE,GUARAINAG,20,22,42,"360,463","347,776","708,239",69
AZUAY,PAUTE,PAUTE,607,474,"1,081","360,463","347,776","708,239",70
AZUAY,PAUTE,SAN CRISTOBAL (CARLOS ORDO벤Z LAZO),0,0,0,"360,463","347,776","708,239",71
AZUAY,PAUTE,TOMEBAMBA,0,0,0,"360,463","347,776","708,239",72
AZUAY,PUCARA,PUCARA,74,77,151,"360,463","347,776","708,239",73
AZUAY,PUCARA,SAN RAFAEL DE SHARUG,24,32,56,"360,463","347,776","708,239",74
AZUAY,SAN FERNANDO,CHUMBLIN,0,0,0,"360,463","347,776","708,239",75
AZUAY,SAN FERNANDO,SAN FERNANDO,91,80,171,"360,463","347,776","708,239",76
AZUAY,SANTA ISABEL,ABDON CALDERON (LA UNION),40,45,85,"360,463","347,776","708,239",77
AZUAY,SANTA ISABEL,SANTA ISABEL (CHAGUARURCO),346,336,682,"360,463","347,776","708,239",78
AZUAY,SANTA ISABEL,ZHAGLLI (SHAGLLI),10,13,23,"360,463","347,776","708,239",79
AZUAY,SEVILLA DE ORO,AMALUZA,0,0,0,"360,463","347,776","708,239",80
AZUAY,SEVILLA DE ORO,PALMAS,56,84,140,"360,463","347,776","708,239",81
AZUAY,SEVILLA DE ORO,SEVILLA DE ORO,44,39,83,"360,463","347,776","708,239",82
AZUAY,SIGSIG,CUCHIL (CUTCHIL),0,0,0,"360,463","347,776","708,239",83
AZUAY,SIGSIG,G뙨L,0,0,0,"360,463","347,776","708,239",84
AZUAY,SIGSIG,JIMA (GIMA),60,65,125,"360,463","347,776","708,239",85
AZUAY,SIGSIG,LUDO,0,0,0,"360,463","347,776","708,239",86
AZUAY,SIGSIG,SAN BARTOLOME,20,48,68,"360,463","347,776","708,239",87
AZUAY,SIGSIG,SAN JOSE DE RARANGA,32,52,84,"360,463","347,776","708,239",88
AZUAY,SIGSIG,SIGSIG,315,270,585,"360,463","347,776","708,239",89
BOLIVAR,CALUMA,CALUMA,409,424,833,"360,463","347,776","708,239",90
BOLIVAR,CHILLANES,CHILLANES,279,266,545,"360,463","347,776","708,239",91
BOLIVAR,CHILLANES,SAN JOSE DEL TAMBO (TAMBOPAMBA),129,128,257,"360,463","347,776","708,239",92
BOLIVAR,CHIMBO,ASUNCION (ASANCOTO),26,28,54,"360,463","347,776","708,239",93
BOLIVAR,CHIMBO,MAGDALENA (CHAPACOTO),78,83,161,"360,463","347,776","708,239",94
BOLIVAR,CHIMBO,SAN JOSE DE CHIMBO,137,184,321,"360,463","347,776","708,239",95
BOLIVAR,CHIMBO,SAN SEBASTIAN,0,0,0,"360,463","347,776","708,239",96
BOLIVAR,CHIMBO,TELIMBELA,11,19,30,"360,463","347,776","708,239",97
BOLIVAR,ECHEANDIA,ECHEANDIA,381,415,796,"360,463","347,776","708,239",98
BOLIVAR,GUARANDA,ANGEL POLIBIO CHAVES,778,566,"1,344","360,463","347,776","708,239",99
BOLIVAR,GUARANDA,FACUNDO VELA,61,54,115,"360,463","347,776","708,239",100
BOLIVAR,GUARANDA,GABRIEL IGNACIO VEINTIMILLA,729,931,"1,660","360,463","347,776","708,239",101
BOLIVAR,GUARANDA,GUANUJO,184,248,432,"360,463","347,776","708,239",102
BOLIVAR,GUARANDA,JULIO E. MORENO (CATANAHUAN GRANDE),0,0,0,"360,463","347,776","708,239",103
BOLIVAR,GUARANDA,SALINAS,38,61,99,"360,463","347,776","708,239",104
BOLIVAR,GUARANDA,SAN LORENZO,57,147,204,"360,463","347,776","708,239",105
BOLIVAR,GUARANDA,SAN LUIS DE PAMBIL,80,78,158,"360,463","347,776","708,239",106
BOLIVAR,GUARANDA,SAN SIMON (YACOTO),52,65,117,"360,463","347,776","708,239",107
BOLIVAR,GUARANDA,SANTAFE (SANTA FE),16,21,37,"360,463","347,776","708,239",108
BOLIVAR,GUARANDA,SIMIATUG,238,268,506,"360,463","347,776","708,239",109
BOLIVAR,LAS NAVES,LAS MERCEDES,0,0,0,"360,463","347,776","708,239",110
BOLIVAR,LAS NAVES,LAS NAVES,62,69,131,"360,463","347,776","708,239",111
BOLIVAR,SAN MIGUEL,BALSAPAMBA,34,44,78,"360,463","347,776","708,239",112
BOLIVAR,SAN MIGUEL,BILOVAN,21,26,47,"360,463","347,776","708,239",113
BOLIVAR,SAN MIGUEL,REGULO DE MORA,21,29,50,"360,463","347,776","708,239",114
BOLIVAR,SAN MIGUEL,SAN MIGUEL,616,591,"1,207","360,463","347,776","708,239",115
BOLIVAR,SAN MIGUEL,SAN PABLO (SAN PABLO DE ATENAS),125,113,238,"360,463","347,776","708,239",116
BOLIVAR,SAN MIGUEL,SAN VICENTE,0,0,0,"360,463","347,776","708,239",117
BOLIVAR,SAN MIGUEL,SANTIAGO,10,18,28,"360,463","347,776","708,239",118
CA베R,AZOGUES,AURELIO BAYAS,46,54,100,"360,463","347,776","708,239",119
CA베R,AZOGUES,AZOGUES,"1,687","1,706","3,393","360,463","347,776","708,239",120
CA베R,AZOGUES,BORRERO,42,63,105,"360,463","347,776","708,239",121
CA베R,AZOGUES,COJITAMBO,32,39,71,"360,463","347,776","708,239",122
CA베R,AZOGUES,GUAPAN,73,71,144,"360,463","347,776","708,239",123
CA베R,AZOGUES,JAVIER LOYOLA (CHUQUIPATA),61,73,134,"360,463","347,776","708,239",124
CA베R,AZOGUES,LUIS CORDERO,53,42,95,"360,463","347,776","708,239",125
CA베R,AZOGUES,PINDILIG,14,26,40,"360,463","347,776","708,239",126
CA베R,AZOGUES,RIVERA,27,33,60,"360,463","347,776","708,239",127
CA베R,AZOGUES,SAN FRANCISCO,66,78,144,"360,463","347,776","708,239",128
CA베R,AZOGUES,SAN MIGUEL,15,28,43,"360,463","347,776","708,239",129
CA베R,AZOGUES,TADAY,55,45,100,"360,463","347,776","708,239",130
CA베R,BIBLIAN,BIBLIAN,257,236,493,"360,463","347,776","708,239",131
CA베R,BIBLIAN,JERUSALEN,0,0,0,"360,463","347,776","708,239",132
CA베R,BIBLIAN,NAZON,23,13,36,"360,463","347,776","708,239",133
CA베R,BIBLIAN,SAN FRANCISCO DE SAGEO,0,0,0,"360,463","347,776","708,239",134
CA베R,BIBLIAN,TURUPAMBA,0,0,0,"360,463","347,776","708,239",135
CA베R,CA베R,CA베R,"1,316","1,170","2,486","360,463","347,776","708,239",136
CA베R,CA베R,CHONTAMARCA,14,33,47,"360,463","347,776","708,239",137
CA베R,CA베R,CHOROCOPTE,0,0,0,"360,463","347,776","708,239",138
CA베R,CA베R,DUCUR,96,100,196,"360,463","347,776","708,239",139
CA베R,CA베R,GENERAL MORALES (SOCARTE),28,27,55,"360,463","347,776","708,239",140
CA베R,CA베R,GUALLETURO,32,31,63,"360,463","347,776","708,239",141
CA베R,CA베R,HONORATO VASQUEZ (TAMBO VIEJO),24,59,83,"360,463","347,776","708,239",142
CA베R,CA베R,INGAPIRCA,77,105,182,"360,463","347,776","708,239",143
CA베R,CA베R,JUNCAL,30,22,52,"360,463","347,776","708,239",144
CA베R,CA베R,SAN ANTONIO,21,14,35,"360,463","347,776","708,239",145
CA베R,CA베R,VENTURA,0,0,0,"360,463","347,776","708,239",146
CA베R,CA베R,ZHUD,31,36,67,"360,463","347,776","708,239",147
CA베R,DELEG,DELEG,70,53,123,"360,463","347,776","708,239",148
CA베R,DELEG,SOLANO,28,21,49,"360,463","347,776","708,239",149
CA베R,EL TAMBO,EL TAMBO,265,242,507,"360,463","347,776","708,239",150
CA베R,LA TRONCAL,LA TRONCAL,"1,168","1,067","2,235","360,463","347,776","708,239",151
CA베R,LA TRONCAL,MANUEL J. CALLE,103,99,202,"360,463","347,776","708,239",152
CA베R,LA TRONCAL,PANCHO NEGRO,177,148,325,"360,463","347,776","708,239",153
CA베R,SUSCAL,SUSCAL,145,171,316,"360,463","347,776","708,239",154
CARCHI,BOLIVAR,BOLIVAR,63,113,176,"360,463","347,776","708,239",155
CARCHI,BOLIVAR,GARCIA MORENO,0,0,0,"360,463","347,776","708,239",156
CARCHI,BOLIVAR,LOS ANDES,14,15,29,"360,463","347,776","708,239",157
CARCHI,BOLIVAR,MONTE OLIVO,27,22,49,"360,463","347,776","708,239",158
CARCHI,BOLIVAR,SAN RAFAEL,27,40,67,"360,463","347,776","708,239",159
CARCHI,BOLIVAR,SAN VICENTE DE PUSIR,53,52,105,"360,463","347,776","708,239",160
CARCHI,ESPEJO,27 DE SEPTIEMBRE,0,0,0,"360,463","347,776","708,239",161
CARCHI,ESPEJO,EL ANGEL,265,300,565,"360,463","347,776","708,239",162
CARCHI,ESPEJO,EL GOALTAL,13,19,32,"360,463","347,776","708,239",163
CARCHI,ESPEJO,LA LIBERTAD (ALIZO),50,41,91,"360,463","347,776","708,239",164
CARCHI,ESPEJO,SAN ISIDRO,39,44,83,"360,463","347,776","708,239",165
CARCHI,MIRA,CONCEPCION,59,56,115,"360,463","347,776","708,239",166
CARCHI,MIRA,JIJON Y CAAMA벮,57,51,108,"360,463","347,776","708,239",167
CARCHI,MIRA,JUAN MONTALVO (SAN IGNACIO DE QUIL),34,21,55,"360,463","347,776","708,239",168
CARCHI,MIRA,MIRA (CHONTAHUASI),196,147,343,"360,463","347,776","708,239",169
CARCHI,MONTUFAR,CHITAN DE NAVARRETE,0,0,0,"360,463","347,776","708,239",170
CARCHI,MONTUFAR,CRISTOBAL COLON,44,33,77,"360,463","347,776","708,239",171
CARCHI,MONTUFAR,FERNANDEZ SALVADOR,0,0,0,"360,463","347,776","708,239",172
CARCHI,MONTUFAR,GONZALEZ SUAREZ,532,515,"1,047","360,463","347,776","708,239",173
CARCHI,MONTUFAR,LA PAZ,68,33,101,"360,463","347,776","708,239",174
CARCHI,MONTUFAR,PIARTAL,6,14,20,"360,463","347,776","708,239",175
CARCHI,MONTUFAR,SAN JOSE,239,179,418,"360,463","347,776","708,239",176
CARCHI,SAN PEDRO DE HUACA,HUACA,175,202,377,"360,463","347,776","708,239",177
CARCHI,SAN PEDRO DE HUACA,MARISCAL SUCRE,20,19,39,"360,463","347,776","708,239",178
CARCHI,TULCAN,EL CARMELO (EL PUN),30,25,55,"360,463","347,776","708,239",179
CARCHI,TULCAN,EL CHICAL,33,40,73,"360,463","347,776","708,239",180
CARCHI,TULCAN,GONZALEZ SUAREZ,"1,514",895,"2,409","360,463","347,776","708,239",181
CARCHI,TULCAN,JULIO ANDRADE (OREJUELA),147,141,288,"360,463","347,776","708,239",182
CARCHI,TULCAN,MALDONADO,31,21,52,"360,463","347,776","708,239",183
CARCHI,TULCAN,PIOTER,0,0,0,"360,463","347,776","708,239",184
CARCHI,TULCAN,SANTA MARTHA DE CUBA,19,21,40,"360,463","347,776","708,239",185
CARCHI,TULCAN,TOBAR DONOSO (LA BOCANA DE CAMUMBI),0,0,0,"360,463","347,776","708,239",186
CARCHI,TULCAN,TUFI벮,36,40,76,"360,463","347,776","708,239",187
CARCHI,TULCAN,TULCAN,259,886,"1,145","360,463","347,776","708,239",188
CARCHI,TULCAN,URBINA (TAYA),0,0,0,"360,463","347,776","708,239",189
CHIMBORAZO,ALAUSI,ACHUPALLAS,80,83,163,"360,463","347,776","708,239",190
CHIMBORAZO,ALAUSI,ALAUSI,440,418,858,"360,463","347,776","708,239",191
CHIMBORAZO,ALAUSI,GUASUNTOS,0,0,0,"360,463","347,776","708,239",192
CHIMBORAZO,ALAUSI,HUIGRA,49,44,93,"360,463","347,776","708,239",193
CHIMBORAZO,ALAUSI,MULTITUD,0,0,0,"360,463","347,776","708,239",194
CHIMBORAZO,ALAUSI,PISTISHI (NARIZ DEL DIABLO),0,0,0,"360,463","347,776","708,239",195
CHIMBORAZO,ALAUSI,PUMALLACTA,0,0,0,"360,463","347,776","708,239",196
CHIMBORAZO,ALAUSI,SEVILLA,0,0,0,"360,463","347,776","708,239",197
CHIMBORAZO,ALAUSI,SIBAMBE,18,18,36,"360,463","347,776","708,239",198
CHIMBORAZO,ALAUSI,TIXAN,109,188,297,"360,463","347,776","708,239",199
CHIMBORAZO,CHAMBO,CHAMBO,87,81,168,"360,463","347,776","708,239",200
CHIMBORAZO,CHUNCHI,CAPZOL,0,0,0,"360,463","347,776","708,239",201
CHIMBORAZO,CHUNCHI,CHUNCHI,211,207,418,"360,463","347,776","708,239",202
CHIMBORAZO,CHUNCHI,COMPUD,0,0,0,"360,463","347,776","708,239",203
CHIMBORAZO,CHUNCHI,GONZOL,31,33,64,"360,463","347,776","708,239",204
CHIMBORAZO,CHUNCHI,LLAGOS,21,25,46,"360,463","347,776","708,239",205
CHIMBORAZO,COLTA,CAJABAMBA,0,0,0,"360,463","347,776","708,239",206
CHIMBORAZO,COLTA,CA벨,15,21,36,"360,463","347,776","708,239",207
CHIMBORAZO,COLTA,COLUMBE,423,515,938,"360,463","347,776","708,239",208
CHIMBORAZO,COLTA,JUAN DE VELASCO (PANGOR),34,37,71,"360,463","347,776","708,239",209
CHIMBORAZO,COLTA,SANTIAGO DE QUITO,37,41,78,"360,463","347,776","708,239",210
CHIMBORAZO,COLTA,SICALPA,162,185,347,"360,463","347,776","708,239",211
CHIMBORAZO,COLTA,VILLA LA UNION (CAJABAMBA),251,334,585,"360,463","347,776","708,239",212
CHIMBORAZO,CUMANDA,CUMANDA,187,150,337,"360,463","347,776","708,239",213
CHIMBORAZO,GUAMOTE,CEBADAS,83,67,150,"360,463","347,776","708,239",214
CHIMBORAZO,GUAMOTE,GUAMOTE,376,431,807,"360,463","347,776","708,239",215
CHIMBORAZO,GUAMOTE,PALMIRA,92,107,199,"360,463","347,776","708,239",216
CHIMBORAZO,GUANO,EL ROSARIO,0,0,0,"360,463","347,776","708,239",217
CHIMBORAZO,GUANO,GUANANDO,0,0,0,"360,463","347,776","708,239",218
CHIMBORAZO,GUANO,ILAPO,14,20,34,"360,463","347,776","708,239",219
CHIMBORAZO,GUANO,LA MATRIZ,95,122,217,"360,463","347,776","708,239",220
CHIMBORAZO,GUANO,LA PROVIDENCIA,0,0,0,"360,463","347,776","708,239",221
CHIMBORAZO,GUANO,SAN ANDRES,141,157,298,"360,463","347,776","708,239",222
CHIMBORAZO,GUANO,SAN GERARDO DE PACAICAGUAN,26,20,46,"360,463","347,776","708,239",223
CHIMBORAZO,GUANO,SAN ISIDRO DE PATULU,59,49,108,"360,463","347,776","708,239",224
CHIMBORAZO,GUANO,SAN JOSE DEL CHAZO,11,15,26,"360,463","347,776","708,239",225
CHIMBORAZO,GUANO,SANTA FE DE GALAN,0,0,0,"360,463","347,776","708,239",226
CHIMBORAZO,GUANO,VALPARAISO,0,0,0,"360,463","347,776","708,239",227
CHIMBORAZO,PALLATANGA,PALLATANGA,205,195,400,"360,463","347,776","708,239",228
CHIMBORAZO,PENIPE,BILBAO,0,0,0,"360,463","347,776","708,239",229
CHIMBORAZO,PENIPE,EL ALTAR,0,0,0,"360,463","347,776","708,239",230
CHIMBORAZO,PENIPE,LA CANDELARIA,0,0,0,"360,463","347,776","708,239",231
CHIMBORAZO,PENIPE,MATUS,0,0,0,"360,463","347,776","708,239",232
CHIMBORAZO,PENIPE,PENIPE,87,82,169,"360,463","347,776","708,239",233
CHIMBORAZO,PENIPE,PUELA,0,0,0,"360,463","347,776","708,239",234
CHIMBORAZO,PENIPE,SAN ANTONIO DE BAYUSHIG,33,21,54,"360,463","347,776","708,239",235
CHIMBORAZO,RIOBAMBA,CACHA,36,46,82,"360,463","347,776","708,239",236
CHIMBORAZO,RIOBAMBA,CALPI,107,156,263,"360,463","347,776","708,239",237
CHIMBORAZO,RIOBAMBA,CUBIJIES,0,0,0,"360,463","347,776","708,239",238
CHIMBORAZO,RIOBAMBA,FLORES,26,27,53,"360,463","347,776","708,239",239
CHIMBORAZO,RIOBAMBA,LICAN,0,0,0,"360,463","347,776","708,239",240
CHIMBORAZO,RIOBAMBA,LICTO,107,145,252,"360,463","347,776","708,239",241
CHIMBORAZO,RIOBAMBA,LIZARZABURU,"2,505","1,330","3,835","360,463","347,776","708,239",242
CHIMBORAZO,RIOBAMBA,MALDONADO,"1,110","2,214","3,324","360,463","347,776","708,239",243
CHIMBORAZO,RIOBAMBA,PUNGALA,45,51,96,"360,463","347,776","708,239",244
CHIMBORAZO,RIOBAMBA,PUNIN,78,114,192,"360,463","347,776","708,239",245
CHIMBORAZO,RIOBAMBA,QUIMIAG,43,119,162,"360,463","347,776","708,239",246
CHIMBORAZO,RIOBAMBA,SAN JUAN,83,99,182,"360,463","347,776","708,239",247
CHIMBORAZO,RIOBAMBA,SAN LUIS,42,56,98,"360,463","347,776","708,239",248
CHIMBORAZO,RIOBAMBA,VELASCO,"1,225","2,499","3,724","360,463","347,776","708,239",249
CHIMBORAZO,RIOBAMBA,VELOZ,"2,200","1,106","3,306","360,463","347,776","708,239",250
CHIMBORAZO,RIOBAMBA,YARUQUIES,55,66,121,"360,463","347,776","708,239",251
COTOPAXI,LA MANA,EL CARMEN,0,0,0,"360,463","347,776","708,239",252
COTOPAXI,LA MANA,EL TRIUNFO,0,0,0,"360,463","347,776","708,239",253
COTOPAXI,LA MANA,GUASAGANDA,39,30,69,"360,463","347,776","708,239",254
COTOPAXI,LA MANA,LA MANA,588,614,"1,202","360,463","347,776","708,239",255
COTOPAXI,LA MANA,PUCAYACU,33,42,75,"360,463","347,776","708,239",256
COTOPAXI,LATACUNGA,11 DE NOVIEMBRE (ILLINCHISI),0,0,0,"360,463","347,776","708,239",257
COTOPAXI,LATACUNGA,ALAQUES (ALAQUEZ),69,148,217,"360,463","347,776","708,239",258
COTOPAXI,LATACUNGA,BELISARIO QUEVEDO (GUANAILIN),93,103,196,"360,463","347,776","708,239",259
COTOPAXI,LATACUNGA,ELOY ALFARO  (SAN FELIPE),386,619,"1,005","360,463","347,776","708,239",260
COTOPAXI,LATACUNGA,GUAITACAMA (GUAYTACAMA),127,226,353,"360,463","347,776","708,239",261
COTOPAXI,LATACUNGA,IGNACIO FLORES (PARQUE FLORES),584,"1,207","1,791","360,463","347,776","708,239",262
COTOPAXI,LATACUNGA,JOSEGUANGO BAJO,0,0,0,"360,463","347,776","708,239",263
COTOPAXI,LATACUNGA,JUAN MONTALVO (SAN SEBASTIAN),80,492,572,"360,463","347,776","708,239",264
COTOPAXI,LATACUNGA,LA MATRIZ,"2,999","1,782","4,781","360,463","347,776","708,239",265
COTOPAXI,LATACUNGA,MULALO,59,59,118,"360,463","347,776","708,239",266
COTOPAXI,LATACUNGA,POALO,13,17,30,"360,463","347,776","708,239",267
COTOPAXI,LATACUNGA,SAN BUENAVENTURA,172,259,431,"360,463","347,776","708,239",268
COTOPAXI,LATACUNGA,SAN JUAN DE PASTOCALLE,48,64,112,"360,463","347,776","708,239",269
COTOPAXI,LATACUNGA,TANICUCHI,186,327,513,"360,463","347,776","708,239",270
COTOPAXI,LATACUNGA,TOACASO,273,292,565,"360,463","347,776","708,239",271
COTOPAXI,PANGUA,EL CORAZON,184,201,385,"360,463","347,776","708,239",272
COTOPAXI,PANGUA,MORASPUNGO,202,203,405,"360,463","347,776","708,239",273
COTOPAXI,PANGUA,PINLLOPATA,0,0,0,"360,463","347,776","708,239",274
COTOPAXI,PANGUA,RAMON CAMPA베,0,0,0,"360,463","347,776","708,239",275
COTOPAXI,PUJILI,ANGAMARCA,39,34,73,"360,463","347,776","708,239",276
COTOPAXI,PUJILI,GUANGAJE,12,10,22,"360,463","347,776","708,239",277
COTOPAXI,PUJILI,LA VICTORIA,0,0,0,"360,463","347,776","708,239",278
COTOPAXI,PUJILI,PILALO,0,0,0,"360,463","347,776","708,239",279
COTOPAXI,PUJILI,PUJILI,791,926,"1,717","360,463","347,776","708,239",280
COTOPAXI,PUJILI,TINGO,58,59,117,"360,463","347,776","708,239",281
COTOPAXI,PUJILI,ZUMBAHUA,545,621,"1,166","360,463","347,776","708,239",282
COTOPAXI,SALCEDO,ANTONIO JOSE HOLGUIN (SANTA LUCIA),0,0,0,"360,463","347,776","708,239",283
COTOPAXI,SALCEDO,CUSUBAMBA,37,64,101,"360,463","347,776","708,239",284
COTOPAXI,SALCEDO,MULALILLO,60,66,126,"360,463","347,776","708,239",285
COTOPAXI,SALCEDO,MULLIQUINDIL (SANTA ANA),0,0,0,"360,463","347,776","708,239",286
COTOPAXI,SALCEDO,PANSALEO,13,14,27,"360,463","347,776","708,239",287
COTOPAXI,SALCEDO,SAN MIGUEL,755,966,"1,721","360,463","347,776","708,239",288
COTOPAXI,SAQUISILI,CANCHAGUA,0,0,0,"360,463","347,776","708,239",289
COTOPAXI,SAQUISILI,CHANTILIN,0,0,0,"360,463","347,776","708,239",290
COTOPAXI,SAQUISILI,COCHAPAMBA,0,0,0,"360,463","347,776","708,239",291
COTOPAXI,SAQUISILI,SAQUISILI,371,441,812,"360,463","347,776","708,239",292
COTOPAXI,SIGCHOS,CHUGCHILLAN (CHUGCHILAN),0,0,0,"360,463","347,776","708,239",293
COTOPAXI,SIGCHOS,ISINLIVI,34,41,75,"360,463","347,776","708,239",294
COTOPAXI,SIGCHOS,LAS PAMPAS,14,18,32,"360,463","347,776","708,239",295
COTOPAXI,SIGCHOS,PALO QUEMADO,0,0,0,"360,463","347,776","708,239",296
COTOPAXI,SIGCHOS,SIGCHOS,141,148,289,"360,463","347,776","708,239",297
EL ORO,ARENILLAS,ARENILLAS,613,498,"1,111","360,463","347,776","708,239",298
EL ORO,ARENILLAS,CARCABON,0,0,0,"360,463","347,776","708,239",299
EL ORO,ARENILLAS,CHACRAS,19,28,47,"360,463","347,776","708,239",300
EL ORO,ARENILLAS,PALMALES,32,38,70,"360,463","347,776","708,239",301
EL ORO,ATAHUALPA,AYAPAMBA,15,18,33,"360,463","347,776","708,239",302
EL ORO,ATAHUALPA,CORDONCILLO,0,0,0,"360,463","347,776","708,239",303
EL ORO,ATAHUALPA,MILAGRO,0,0,0,"360,463","347,776","708,239",304
EL ORO,ATAHUALPA,PACCHA,62,68,130,"360,463","347,776","708,239",305
EL ORO,ATAHUALPA,SAN JOSE,0,0,0,"360,463","347,776","708,239",306
EL ORO,ATAHUALPA,SAN JUAN DE CERRO AZUL,0,0,0,"360,463","347,776","708,239",307
EL ORO,BALSAS,BALSAS,237,246,483,"360,463","347,776","708,239",308
EL ORO,BALSAS,BELLAMARIA,0,0,0,"360,463","347,776","708,239",309
EL ORO,CHILLA,CHILLA,24,28,52,"360,463","347,776","708,239",310
EL ORO,EL GUABO,BARBONES (SUCRE),151,165,316,"360,463","347,776","708,239",311
EL ORO,EL GUABO,EL GUABO,745,624,"1,369","360,463","347,776","708,239",312
EL ORO,EL GUABO,LA IBERIA,15,12,27,"360,463","347,776","708,239",313
EL ORO,EL GUABO,RIO BONITO,38,111,149,"360,463","347,776","708,239",314
EL ORO,EL GUABO,TENDALES,0,0,0,"360,463","347,776","708,239",315
EL ORO,HUAQUILLAS,ECUADOR,993,"1,131","2,124","360,463","347,776","708,239",316
EL ORO,HUAQUILLAS,EL PARAISO,144,164,308,"360,463","347,776","708,239",317
EL ORO,HUAQUILLAS,HUALTACO,0,0,0,"360,463","347,776","708,239",318
EL ORO,HUAQUILLAS,MILTON REYES,196,11,207,"360,463","347,776","708,239",319
EL ORO,HUAQUILLAS,UNION LOJANA,104,91,195,"360,463","347,776","708,239",320
EL ORO,LAS LAJAS,EL PARAISO,0,0,0,"360,463","347,776","708,239",321
EL ORO,LAS LAJAS,LA LIBERTAD,0,0,0,"360,463","347,776","708,239",322
EL ORO,LAS LAJAS,LA VICTORIA,71,95,166,"360,463","347,776","708,239",323
EL ORO,LAS LAJAS,SAN ISIDRO,0,0,0,"360,463","347,776","708,239",324
EL ORO,MACHALA,EL CAMBIO,277,420,697,"360,463","347,776","708,239",325
EL ORO,MACHALA,EL RETIRO,0,0,0,"360,463","347,776","708,239",326
EL ORO,MACHALA,LA PROVIDENCIA,"2,126","2,945","5,071","360,463","347,776","708,239",327
EL ORO,MACHALA,MACHALA,"4,119","2,577","6,696","360,463","347,776","708,239",328
EL ORO,MACHALA,NUEVE DE MAYO,364,547,911,"360,463","347,776","708,239",329
EL ORO,MACHALA,PUERTO BOLIVAR,617,694,"1,311","360,463","347,776","708,239",330
EL ORO,MARCABELI,EL INGENIO,0,0,0,"360,463","347,776","708,239",331
EL ORO,MARCABELI,MARCABELI,154,186,340,"360,463","347,776","708,239",332
EL ORO,PASAJE,BOLIVAR,149,260,409,"360,463","347,776","708,239",333
EL ORO,PASAJE,BUENAVISTA,57,65,122,"360,463","347,776","708,239",334
EL ORO,PASAJE,CA베QUEMADA,0,0,0,"360,463","347,776","708,239",335
EL ORO,PASAJE,CASACAY,29,29,58,"360,463","347,776","708,239",336
EL ORO,PASAJE,LA PEA베,17,16,33,"360,463","347,776","708,239",337
EL ORO,PASAJE,LOMA DE FRANCO,7,8,15,"360,463","347,776","708,239",338
EL ORO,PASAJE,OCHOA LEON (MATRIZ),"1,920","1,750","3,670","360,463","347,776","708,239",339
EL ORO,PASAJE,PROGRESO,34,35,69,"360,463","347,776","708,239",340
EL ORO,PASAJE,TRES CERRITOS,0,0,0,"360,463","347,776","708,239",341
EL ORO,PASAJE,UZHCURRUMI,36,34,70,"360,463","347,776","708,239",342
EL ORO,PI베S,CAPIRO,35,22,57,"360,463","347,776","708,239",343
EL ORO,PI베S,LA BOCANA,42,53,95,"360,463","347,776","708,239",344
EL ORO,PI베S,LA MATRIZ,652,620,"1,272","360,463","347,776","708,239",345
EL ORO,PI베S,LA SUSAYA,0,0,0,"360,463","347,776","708,239",346
EL ORO,PI베S,MOROMORO,8,10,18,"360,463","347,776","708,239",347
EL ORO,PI베S,PIEDRAS,0,0,0,"360,463","347,776","708,239",348
EL ORO,PI베S,PI베S GRANDE,0,0,0,"360,463","347,776","708,239",349
EL ORO,PI베S,SAN ROQUE (AMBROSIO MALDONADO),0,0,0,"360,463","347,776","708,239",350
EL ORO,PI베S,SARACAY,0,0,0,"360,463","347,776","708,239",351
EL ORO,PORTOVELO,CURTINCAPA,12,17,29,"360,463","347,776","708,239",352
EL ORO,PORTOVELO,MORALES,0,0,0,"360,463","347,776","708,239",353
EL ORO,PORTOVELO,PORTOVELO,241,223,464,"360,463","347,776","708,239",354
EL ORO,PORTOVELO,SALATI,19,19,38,"360,463","347,776","708,239",355
EL ORO,SANTA ROSA,BELLAMARIA,59,48,107,"360,463","347,776","708,239",356
EL ORO,SANTA ROSA,BELLAVISTA,25,30,55,"360,463","347,776","708,239",357
EL ORO,SANTA ROSA,JAMBELI,0,0,0,"360,463","347,776","708,239",358
EL ORO,SANTA ROSA,LA AVANZADA,41,26,67,"360,463","347,776","708,239",359
EL ORO,SANTA ROSA,NUEVO SANTA ROSA,36,42,78,"360,463","347,776","708,239",360
EL ORO,SANTA ROSA,PUERTO JELI,23,24,47,"360,463","347,776","708,239",361
EL ORO,SANTA ROSA,SAN ANTONIO,0,0,0,"360,463","347,776","708,239",362
EL ORO,SANTA ROSA,SANTA ROSA,"1,636","1,513","3,149","360,463","347,776","708,239",363
EL ORO,SANTA ROSA,TORATA,56,53,109,"360,463","347,776","708,239",364
EL ORO,SANTA ROSA,VICTORIA,0,0,0,"360,463","347,776","708,239",365
EL ORO,ZARUMA,ABA벨N,18,7,25,"360,463","347,776","708,239",366
EL ORO,ZARUMA,ARCAPAMBA,0,0,0,"360,463","347,776","708,239",367
EL ORO,ZARUMA,GUANAZAN,58,70,128,"360,463","347,776","708,239",368
EL ORO,ZARUMA,GUIZHAGUI베,22,16,38,"360,463","347,776","708,239",369
EL ORO,ZARUMA,HUERTAS,13,35,48,"360,463","347,776","708,239",370
EL ORO,ZARUMA,MALVAS,12,14,26,"360,463","347,776","708,239",371
EL ORO,ZARUMA,MULUNCAY GRANDE,17,44,61,"360,463","347,776","708,239",372
EL ORO,ZARUMA,SALVIAS,0,0,0,"360,463","347,776","708,239",373
EL ORO,ZARUMA,SINSAO,0,0,0,"360,463","347,776","708,239",374
EL ORO,ZARUMA,ZARUMA,531,497,"1,028","360,463","347,776","708,239",375
ESMERALDAS,ATACAMES,ATACAMES,789,585,"1,374","360,463","347,776","708,239",376
ESMERALDAS,ATACAMES,LA UNION,15,29,44,"360,463","347,776","708,239",377
ESMERALDAS,ATACAMES,SUA,79,66,145,"360,463","347,776","708,239",378
ESMERALDAS,ATACAMES,TONCHIG뙨,123,105,228,"360,463","347,776","708,239",379
ESMERALDAS,ATACAMES,TONSUPA,88,98,186,"360,463","347,776","708,239",380
ESMERALDAS,ELOY ALFARO,ANCHAYACU,0,0,0,"360,463","347,776","708,239",381
ESMERALDAS,ELOY ALFARO,ATAHUALPA (CAB. EN CAMARONES),23,41,64,"360,463","347,776","708,239",382
ESMERALDAS,ELOY ALFARO,BORBON,223,173,396,"360,463","347,776","708,239",383
ESMERALDAS,ELOY ALFARO,COLON ELOY DEL MARIA,21,21,42,"360,463","347,776","708,239",384
ESMERALDAS,ELOY ALFARO,LA TOLA,91,47,138,"360,463","347,776","708,239",385
ESMERALDAS,ELOY ALFARO,LUIS VARGAS TORRES,0,0,0,"360,463","347,776","708,239",386
ESMERALDAS,ELOY ALFARO,MALDONADO,57,47,104,"360,463","347,776","708,239",387
ESMERALDAS,ELOY ALFARO,PAMPANAL DE BOLIVAR,0,0,0,"360,463","347,776","708,239",388
ESMERALDAS,ELOY ALFARO,SAN FRANCISCO DE ONZOLE,0,0,0,"360,463","347,776","708,239",389
ESMERALDAS,ELOY ALFARO,SAN JOSE DE CAYAPAS,10,10,20,"360,463","347,776","708,239",390
ESMERALDAS,ELOY ALFARO,SANTO DOMINGO DE ONZOLE,0,0,0,"360,463","347,776","708,239",391
ESMERALDAS,ELOY ALFARO,SELVA ALEGRE,15,9,24,"360,463","347,776","708,239",392
ESMERALDAS,ELOY ALFARO,TELEMBI,11,21,32,"360,463","347,776","708,239",393
ESMERALDAS,ELOY ALFARO,TIMBIRE,0,0,0,"360,463","347,776","708,239",394
ESMERALDAS,ELOY ALFARO,VALDEZ (LIMONES),200,175,375,"360,463","347,776","708,239",395
ESMERALDAS,ESMERALDAS,5 DE AGOSTO,"2,717","2,005","4,722","360,463","347,776","708,239",396
ESMERALDAS,ESMERALDAS,BARTOLOME RUIZ (CESAR FRANCO CARRION),"1,304",802,"2,106","360,463","347,776","708,239",397
ESMERALDAS,ESMERALDAS,CAMARONES,47,47,94,"360,463","347,776","708,239",398
ESMERALDAS,ESMERALDAS,CHINCA,10,10,20,"360,463","347,776","708,239",399
ESMERALDAS,ESMERALDAS,CRNEL. CARLOS CONCHA TORRES,0,0,0,"360,463","347,776","708,239",400
ESMERALDAS,ESMERALDAS,ESMERALDAS,"2,667","1,718","4,385","360,463","347,776","708,239",401
ESMERALDAS,ESMERALDAS,LUIS TELLO  (LAS PALMAS),115,113,228,"360,463","347,776","708,239",402
ESMERALDAS,ESMERALDAS,MAJUA,0,0,0,"360,463","347,776","708,239",403
ESMERALDAS,ESMERALDAS,SAN MATEO,46,41,87,"360,463","347,776","708,239",404
ESMERALDAS,ESMERALDAS,SIMON PLATA TORRES,609,995,"1,604","360,463","347,776","708,239",405
ESMERALDAS,ESMERALDAS,TABIAZO,38,43,81,"360,463","347,776","708,239",406
ESMERALDAS,ESMERALDAS,TACHINA,89,82,171,"360,463","347,776","708,239",407
ESMERALDAS,ESMERALDAS,VUELTA LARGA,17,25,42,"360,463","347,776","708,239",408
ESMERALDAS,LA CONCORDIA,LA CONCORDIA,"1,183","1,004","2,187","360,463","347,776","708,239",409
ESMERALDAS,MUISNE,BOLIVAR,0,0,0,"360,463","347,776","708,239",410
ESMERALDAS,MUISNE,DAULE,0,0,0,"360,463","347,776","708,239",411
ESMERALDAS,MUISNE,GALERA,0,0,0,"360,463","347,776","708,239",412
ESMERALDAS,MUISNE,MUISNE,33,34,67,"360,463","347,776","708,239",413
ESMERALDAS,MUISNE,QUINGUE (OLMEDO PERDOMO FRANCO),0,0,0,"360,463","347,776","708,239",414
ESMERALDAS,MUISNE,SALIMA,0,0,0,"360,463","347,776","708,239",415
ESMERALDAS,MUISNE,SAN FRANCISCO,22,33,55,"360,463","347,776","708,239",416
ESMERALDAS,MUISNE,SAN GREGORIO,15,11,26,"360,463","347,776","708,239",417
ESMERALDAS,MUISNE,SAN JOSE DE CHAMANGA,154,153,307,"360,463","347,776","708,239",418
ESMERALDAS,QUININDE,CHURA (CHANCAMA),0,0,0,"360,463","347,776","708,239",419
ESMERALDAS,QUININDE,CUBE,0,0,0,"360,463","347,776","708,239",420
ESMERALDAS,QUININDE,LA UNION,375,363,738,"360,463","347,776","708,239",421
ESMERALDAS,QUININDE,MALIMPIA,92,102,194,"360,463","347,776","708,239",422
ESMERALDAS,QUININDE,ROSA ZARATE (QUININDE),"1,911","1,702","3,613","360,463","347,776","708,239",423
ESMERALDAS,QUININDE,VICHE,185,145,330,"360,463","347,776","708,239",424
ESMERALDAS,RIOVERDE,CHONTADURO,17,19,36,"360,463","347,776","708,239",425
ESMERALDAS,RIOVERDE,CHUMUNDE,32,45,77,"360,463","347,776","708,239",426
ESMERALDAS,RIOVERDE,LAGARTO,64,44,108,"360,463","347,776","708,239",427
ESMERALDAS,RIOVERDE,MONTALVO,105,51,156,"360,463","347,776","708,239",428
ESMERALDAS,RIOVERDE,RIOVERDE,100,100,200,"360,463","347,776","708,239",429
ESMERALDAS,RIOVERDE,ROCAFUERTE,168,111,279,"360,463","347,776","708,239",430
ESMERALDAS,SAN LORENZO,5 DE JUNIO,0,0,0,"360,463","347,776","708,239",431
ESMERALDAS,SAN LORENZO,ALTO TAMBO,0,0,0,"360,463","347,776","708,239",432
ESMERALDAS,SAN LORENZO,ANCON (PICHANGAL),16,16,32,"360,463","347,776","708,239",433
ESMERALDAS,SAN LORENZO,CALDERON,0,0,0,"360,463","347,776","708,239",434
ESMERALDAS,SAN LORENZO,CARONDELET,41,40,81,"360,463","347,776","708,239",435
ESMERALDAS,SAN LORENZO,CONCEPCION,0,0,0,"360,463","347,776","708,239",436
ESMERALDAS,SAN LORENZO,MATAJE,0,0,0,"360,463","347,776","708,239",437
ESMERALDAS,SAN LORENZO,SAN JAVIER DE CACHAVI,0,0,0,"360,463","347,776","708,239",438
ESMERALDAS,SAN LORENZO,SAN LORENZO,874,631,"1,505","360,463","347,776","708,239",439
ESMERALDAS,SAN LORENZO,SANTA RITA,0,0,0,"360,463","347,776","708,239",440
ESMERALDAS,SAN LORENZO,TAMBILLO,0,0,0,"360,463","347,776","708,239",441
ESMERALDAS,SAN LORENZO,TULULBI,15,10,25,"360,463","347,776","708,239",442
ESMERALDAS,SAN LORENZO,URBINA,0,0,0,"360,463","347,776","708,239",443
GALAPAGOS,ISABELA,"PUERTO VILLAMIL, CABECERA CANTONAL",49,44,93,"360,463","347,776","708,239",444
GALAPAGOS,ISABELA,TOMAS DE BERLANGA (SANTO TOMAS) (CAB. EN  LA ESPERANZA) CON ,0,0,0,"360,463","347,776","708,239",445
GALAPAGOS,SAN CRISTOBAL,EL PROGRESO,0,0,0,"360,463","347,776","708,239",446
GALAPAGOS,SAN CRISTOBAL,ISLA SANTA MARIA (FLOREANA) (CAB. EN  PTO. VELASCO IBARRA) C,0,0,0,"360,463","347,776","708,239",447
GALAPAGOS,SAN CRISTOBAL,"PUERTO BAQUERIZO MORENO, CABECERA CANTONAL Y CAPITAL PROVINC",154,178,332,"360,463","347,776","708,239",448
GALAPAGOS,SANTA CRUZ,"BELLAVISTA CON LAS ISLAS *BALTRA MARCHENA ""BINDLOE"" PINTA ""A",0,0,0,"360,463","347,776","708,239",449
GALAPAGOS,SANTA CRUZ,"PUERTO AYORA, CABECERA CANTONAL",371,364,735,"360,463","347,776","708,239",450
GALAPAGOS,SANTA CRUZ,SANTA ROSA CON LA ISLA BALTRA,0,0,0,"360,463","347,776","708,239",451
GUAYAS,ALFREDO BAQUERIZO MORENO (JUJAN),ALFREDO BAQUERIZO MORENO (JUJAN),202,206,408,"360,463","347,776","708,239",452
GUAYAS,BALAO,BALAO,232,205,437,"360,463","347,776","708,239",453
GUAYAS,BALZAR,BALZAR,717,610,"1,327","360,463","347,776","708,239",454
GUAYAS,COLIMES,COLIMES,166,171,337,"360,463","347,776","708,239",455
GUAYAS,COLIMES,SAN JACINTO,0,0,0,"360,463","347,776","708,239",456
GUAYAS,CORONEL MARCELINO MARIDUE베,CORONEL MARCELINO MARIDUE베,230,258,488,"360,463","347,776","708,239",457
GUAYAS,DAULE,BANIFE,0,0,0,"360,463","347,776","708,239",458
GUAYAS,DAULE,DAULE,"1,790","1,483","3,273","360,463","347,776","708,239",459
GUAYAS,DAULE,JUAN BAUTISTA AGUIRRE (LOS TINTOS),46,60,106,"360,463","347,776","708,239",460
GUAYAS,DAULE,LA AURORA,18,37,55,"360,463","347,776","708,239",461
GUAYAS,DAULE,LAUREL,157,135,292,"360,463","347,776","708,239",462
GUAYAS,DAULE,LIMONAL,61,83,144,"360,463","347,776","708,239",463
GUAYAS,DAULE,LOS LOJAS (ENRIQUE BAQUERIZO MORENO),582,425,"1,007","360,463","347,776","708,239",464
GUAYAS,DAULE,MAGRO,0,0,0,"360,463","347,776","708,239",465
GUAYAS,DURAN,EL RECREO,283,281,564,"360,463","347,776","708,239",466
GUAYAS,DURAN,ELOY ALFARO (DURAN),"2,251","2,457","4,708","360,463","347,776","708,239",467
GUAYAS,EL TRIUNFO,EL TRIUNFO,548,424,972,"360,463","347,776","708,239",468
GUAYAS,EMPALME,EL ROSARIO,0,0,0,"360,463","347,776","708,239",469
GUAYAS,EMPALME,GUAYAS (PUEBLO NUEVO),171,189,360,"360,463","347,776","708,239",470
GUAYAS,EMPALME,VELASCO IBARRA,"1,060",962,"2,022","360,463","347,776","708,239",471
GUAYAS,GENERAL ANTONIO ELIZALDE,GENERAL ANTONIO ELIZALDE (BUCAY),549,486,"1,035","360,463","347,776","708,239",472
GUAYAS,GUAYAQUIL,AYACUCHO,"1,181","1,052","2,233","360,463","347,776","708,239",473
GUAYAS,GUAYAQUIL,BOLIVAR  (SAGRARIO),32,65,97,"360,463","347,776","708,239",474
GUAYAS,GUAYAQUIL,CARBO (CONCEPCION),385,365,750,"360,463","347,776","708,239",475
GUAYAS,GUAYAQUIL,CHONGON,37,38,75,"360,463","347,776","708,239",476
GUAYAS,GUAYAQUIL,FEBRES CORDERO,"4,290","5,013","9,303","360,463","347,776","708,239",477
GUAYAS,GUAYAQUIL,GARCIA MORENO,"3,624","1,214","4,838","360,463","347,776","708,239",478
GUAYAS,GUAYAQUIL,GUAYAQUIL,"11,601","8,754","20,355","360,463","347,776","708,239",479
GUAYAS,GUAYAQUIL,JUAN GOMEZ RENDON (PROGRESO),163,168,331,"360,463","347,776","708,239",480
GUAYAS,GUAYAQUIL,LETAMENDI,"1,023","1,194","2,217","360,463","347,776","708,239",481
GUAYAS,GUAYAQUIL,MORRO,0,0,0,"360,463","347,776","708,239",482
GUAYAS,GUAYAQUIL,NUEVE DE OCTUBRE,151,58,209,"360,463","347,776","708,239",483
GUAYAS,GUAYAQUIL,PASCUALES,"1,102","1,094","2,196","360,463","347,776","708,239",484
GUAYAS,GUAYAQUIL,POSORJA,345,323,668,"360,463","347,776","708,239",485
GUAYAS,GUAYAQUIL,PUNA,100,97,197,"360,463","347,776","708,239",486
GUAYAS,GUAYAQUIL,ROCA,198,374,572,"360,463","347,776","708,239",487
GUAYAS,GUAYAQUIL,ROCAFUERTE,520,28,548,"360,463","347,776","708,239",488
GUAYAS,GUAYAQUIL,SUCRE,335,186,521,"360,463","347,776","708,239",489
GUAYAS,GUAYAQUIL,TARQUI,"24,171","23,158","47,329","360,463","347,776","708,239",490
GUAYAS,GUAYAQUIL,TENGUEL,135,126,261,"360,463","347,776","708,239",491
GUAYAS,GUAYAQUIL,URDANETA,914,"3,529","4,443","360,463","347,776","708,239",492
GUAYAS,GUAYAQUIL,XIMENA,"11,152","9,227","20,379","360,463","347,776","708,239",493
GUAYAS,ISIDRO AYORA,ISIDRO AYORA,233,225,458,"360,463","347,776","708,239",494
GUAYAS,LOMAS DE SARGENTILLO,LOMAS DE SARGENTILLO,111,84,195,"360,463","347,776","708,239",495
GUAYAS,MILAGRO,CHOBO,0,0,0,"360,463","347,776","708,239",496
GUAYAS,MILAGRO,MARISCAL SUCRE (HUAQUES),114,91,205,"360,463","347,776","708,239",497
GUAYAS,MILAGRO,MILAGRO,"4,981","4,439","9,420","360,463","347,776","708,239",498
GUAYAS,MILAGRO,ROBERTO ASTUDILLO,176,123,299,"360,463","347,776","708,239",499
GUAYAS,NARANJAL,JESUS MARIA,0,0,0,"360,463","347,776","708,239",500
GUAYAS,NARANJAL,NARANJAL,"1,386","1,129","2,515","360,463","347,776","708,239",501
GUAYAS,NARANJAL,SAN CARLOS,0,0,0,"360,463","347,776","708,239",502
GUAYAS,NARANJAL,SANTA ROSA DE FLANDES,32,37,69,"360,463","347,776","708,239",503
GUAYAS,NARANJAL,TAURA,90,71,161,"360,463","347,776","708,239",504
GUAYAS,NARANJITO,NARANJITO,572,444,"1,016","360,463","347,776","708,239",505
GUAYAS,NOBOL,NARCISA DE JESUS,441,421,862,"360,463","347,776","708,239",506
GUAYAS,PALESTINA,PALESTINA,204,175,379,"360,463","347,776","708,239",507
GUAYAS,PEDRO CARBO,PEDRO CARBO,620,679,"1,299","360,463","347,776","708,239",508
GUAYAS,PEDRO CARBO,SABANILLA,65,61,126,"360,463","347,776","708,239",509
GUAYAS,PEDRO CARBO,VALLE DE LA VIRGEN,54,74,128,"360,463","347,776","708,239",510
GUAYAS,PLAYAS,GENERAL VILLAMIL (PLAYAS),"1,018",955,"1,973","360,463","347,776","708,239",511
GUAYAS,SALITRE,BOCANA,615,540,"1,155","360,463","347,776","708,239",512
GUAYAS,SALITRE,EL SALITRE (LAS RAMAS),0,0,0,"360,463","347,776","708,239",513
GUAYAS,SALITRE,GRAL. VERNAZA (DOS ESTEROS),129,184,313,"360,463","347,776","708,239",514
GUAYAS,SALITRE,JUNQUILLAL,118,141,259,"360,463","347,776","708,239",515
GUAYAS,SALITRE,LA VICTORIA (베UZA),61,50,111,"360,463","347,776","708,239",516
GUAYAS,SAMBORONDON,SAMBORONDON,402,393,795,"360,463","347,776","708,239",517
GUAYAS,SAMBORONDON,TARIFA,"1,026",927,"1,953","360,463","347,776","708,239",518
GUAYAS,SAN JACINTO DE YAGUACHI,GRAL. PEDRO J. MONTERO (BOLICHE),116,111,227,"360,463","347,776","708,239",519
GUAYAS,SAN JACINTO DE YAGUACHI,SAN JACINTO DE YAGUACHI,494,436,930,"360,463","347,776","708,239",520
GUAYAS,SAN JACINTO DE YAGUACHI,VIRGEN DE FATIMA,124,186,310,"360,463","347,776","708,239",521
GUAYAS,SAN JACINTO DE YAGUACHI,YAGUACHI VIEJO (CONE),19,27,46,"360,463","347,776","708,239",522
GUAYAS,SANTA LUCIA,SANTA LUCIA,483,432,915,"360,463","347,776","708,239",523
GUAYAS,SIMON BOLIVAR,CRNEL. LORENZO DE GARAICOA (PEDREGAL),34,49,83,"360,463","347,776","708,239",524
GUAYAS,SIMON BOLIVAR,SIMON BOLIVAR,303,330,633,"360,463","347,776","708,239",525
IMBABURA,ANTONIO ANTE,ANDRADE MARIN  (LOURDES),47,151,198,"360,463","347,776","708,239",526
IMBABURA,ANTONIO ANTE,ATUNTAQUI,766,214,980,"360,463","347,776","708,239",527
IMBABURA,ANTONIO ANTE,IMBAYA (SAN LUIS DE COBUENDO),0,0,0,"360,463","347,776","708,239",528
IMBABURA,ANTONIO ANTE,SAN FRANCISCO DE NATABUELA,94,467,561,"360,463","347,776","708,239",529
IMBABURA,ANTONIO ANTE,SAN JOSE DE CHALTURA,0,0,0,"360,463","347,776","708,239",530
IMBABURA,ANTONIO ANTE,SAN ROQUE,44,76,120,"360,463","347,776","708,239",531
IMBABURA,COTACACHI,6 DE JULIO DE CUELLAJE,44,38,82,"360,463","347,776","708,239",532
IMBABURA,COTACACHI,APUELA,61,46,107,"360,463","347,776","708,239",533
IMBABURA,COTACACHI,GARCIA MORENO (LLURIMAGUA),0,0,0,"360,463","347,776","708,239",534
IMBABURA,COTACACHI,IMANTAG,59,40,99,"360,463","347,776","708,239",535
IMBABURA,COTACACHI,PE베HERRERA,32,26,58,"360,463","347,776","708,239",536
IMBABURA,COTACACHI,PLAZA GUTIERREZ (CALVARIO),0,0,0,"360,463","347,776","708,239",537
IMBABURA,COTACACHI,QUIROGA,92,105,197,"360,463","347,776","708,239",538
IMBABURA,COTACACHI,SAGRARIO,273,373,646,"360,463","347,776","708,239",539
IMBABURA,COTACACHI,SAN FRANCISCO,69,88,157,"360,463","347,776","708,239",540
IMBABURA,COTACACHI,VACAS GALINDO (EL CHURO),0,0,0,"360,463","347,776","708,239",541
IMBABURA,IBARRA,AMBUQUI,189,214,403,"360,463","347,776","708,239",542
IMBABURA,IBARRA,ANGOCHAGUA,23,26,49,"360,463","347,776","708,239",543
IMBABURA,IBARRA,CARANQUI,123,432,555,"360,463","347,776","708,239",544
IMBABURA,IBARRA,CAROLINA,0,0,0,"360,463","347,776","708,239",545
IMBABURA,IBARRA,GUAYAQUIL DE ALPACHACA,93,148,241,"360,463","347,776","708,239",546
IMBABURA,IBARRA,IBARRA,0,0,0,"360,463","347,776","708,239",547
IMBABURA,IBARRA,LA DOLOROSA DEL PRIORATO,70,156,226,"360,463","347,776","708,239",548
IMBABURA,IBARRA,LA ESPERANZA,43,87,130,"360,463","347,776","708,239",549
IMBABURA,IBARRA,LITA,61,61,122,"360,463","347,776","708,239",550
IMBABURA,IBARRA,SAGRARIO,825,"1,300","2,125","360,463","347,776","708,239",551
IMBABURA,IBARRA,SALINAS,40,27,67,"360,463","347,776","708,239",552
IMBABURA,IBARRA,SAN ANTONIO,172,312,484,"360,463","347,776","708,239",553
IMBABURA,IBARRA,SAN FRANCISCO,"3,452","2,683","6,135","360,463","347,776","708,239",554
IMBABURA,OTAVALO,DR. MIGUEL EGAS CABEZAS (PEGUCHE),152,304,456,"360,463","347,776","708,239",555
IMBABURA,OTAVALO,EUGENIO ESPEJO (CALPAQUI),0,0,0,"360,463","347,776","708,239",556
IMBABURA,OTAVALO,GONZALEZ SUAREZ,17,16,33,"360,463","347,776","708,239",557
IMBABURA,OTAVALO,JORDAN,"2,233","2,173","4,406","360,463","347,776","708,239",558
IMBABURA,OTAVALO,PATAQUI,0,0,0,"360,463","347,776","708,239",559
IMBABURA,OTAVALO,SAN JOSE DE QUICHINCHE,42,50,92,"360,463","347,776","708,239",560
IMBABURA,OTAVALO,SAN JUAN DE ILUMAN,55,58,113,"360,463","347,776","708,239",561
IMBABURA,OTAVALO,SAN LUIS,227,236,463,"360,463","347,776","708,239",562
IMBABURA,OTAVALO,SAN PABLO,246,332,578,"360,463","347,776","708,239",563
IMBABURA,OTAVALO,SAN RAFAEL,49,58,107,"360,463","347,776","708,239",564
IMBABURA,OTAVALO,SELVA ALEGRE,22,21,43,"360,463","347,776","708,239",565
IMBABURA,PIMAMPIRO,CHUGA,0,0,0,"360,463","347,776","708,239",566
IMBABURA,PIMAMPIRO,MARIANO ACOSTA,23,30,53,"360,463","347,776","708,239",567
IMBABURA,PIMAMPIRO,PIMAMPIRO,233,250,483,"360,463","347,776","708,239",568
IMBABURA,PIMAMPIRO,SAN FRANCISCO DE SIGSIPAMBA,11,9,20,"360,463","347,776","708,239",569
IMBABURA,SAN MIGUEL DE URCUQUI,CAHUASQUI,23,38,61,"360,463","347,776","708,239",570
IMBABURA,SAN MIGUEL DE URCUQUI,LA MERCED DE BUENOS AIRES,19,18,37,"360,463","347,776","708,239",571
IMBABURA,SAN MIGUEL DE URCUQUI,PABLO ARENAS,0,0,0,"360,463","347,776","708,239",572
IMBABURA,SAN MIGUEL DE URCUQUI,SAN BLAS,0,0,0,"360,463","347,776","708,239",573
IMBABURA,SAN MIGUEL DE URCUQUI,TUMBABIRO,0,0,0,"360,463","347,776","708,239",574
IMBABURA,SAN MIGUEL DE URCUQUI,URCUQUI,213,247,460,"360,463","347,776","708,239",575
LOJA,CALVAS,CARIAMANGA,856,788,"1,644","360,463","347,776","708,239",576
LOJA,CALVAS,CHILE,0,0,0,"360,463","347,776","708,239",577
LOJA,CALVAS,COLAISACA,5,9,14,"360,463","347,776","708,239",578
LOJA,CALVAS,EL LUCERO,39,35,74,"360,463","347,776","708,239",579
LOJA,CALVAS,SAN VICENTE,212,203,415,"360,463","347,776","708,239",580
LOJA,CALVAS,SANGUILLIN,13,13,26,"360,463","347,776","708,239",581
LOJA,CALVAS,UTUANA,20,32,52,"360,463","347,776","708,239",582
LOJA,CATAMAYO,CATAMAYO,804,726,"1,530","360,463","347,776","708,239",583
LOJA,CATAMAYO,EL TAMBO,43,73,116,"360,463","347,776","708,239",584
LOJA,CATAMAYO,GUAYQUICHUMA,0,0,0,"360,463","347,776","708,239",585
LOJA,CATAMAYO,SAN PEDRO DE LA BENDITA,63,126,189,"360,463","347,776","708,239",586
LOJA,CATAMAYO,ZAMBI,11,12,23,"360,463","347,776","708,239",587
LOJA,CELICA,CELICA,156,165,321,"360,463","347,776","708,239",588
LOJA,CELICA,CRUZPAMBA,28,51,79,"360,463","347,776","708,239",589
LOJA,CELICA,POZUL (SAN JUAN DE POZUL),54,69,123,"360,463","347,776","708,239",590
LOJA,CELICA,SABANILLA,18,23,41,"360,463","347,776","708,239",591
LOJA,CELICA,TNTE. MAXIMILIANO RODRIGUEZ LOAIZA,0,0,0,"360,463","347,776","708,239",592
LOJA,CHAGUARPAMBA,AMARILLOS,0,0,0,"360,463","347,776","708,239",593
LOJA,CHAGUARPAMBA,BUENAVISTA,27,28,55,"360,463","347,776","708,239",594
LOJA,CHAGUARPAMBA,CHAGUARPAMBA,90,90,180,"360,463","347,776","708,239",595
LOJA,CHAGUARPAMBA,EL ROSARIO,0,0,0,"360,463","347,776","708,239",596
LOJA,CHAGUARPAMBA,SANTA RUFINA,21,10,31,"360,463","347,776","708,239",597
LOJA,ESPINDOLA,27 DE ABRIL,38,49,87,"360,463","347,776","708,239",598
LOJA,ESPINDOLA,AMALUZA,195,209,404,"360,463","347,776","708,239",599
LOJA,ESPINDOLA,BELLAVISTA,4,10,14,"360,463","347,776","708,239",600
LOJA,ESPINDOLA,EL AIRO,13,22,35,"360,463","347,776","708,239",601
LOJA,ESPINDOLA,EL INGENIO,53,47,100,"360,463","347,776","708,239",602
LOJA,ESPINDOLA,JIMBURA,36,42,78,"360,463","347,776","708,239",603
LOJA,ESPINDOLA,SANTA TERESITA,22,25,47,"360,463","347,776","708,239",604
LOJA,GONZANAMA,CHANGAIMINA (LA LIBERTAD),51,68,119,"360,463","347,776","708,239",605
LOJA,GONZANAMA,GONZANAMA,134,108,242,"360,463","347,776","708,239",606
LOJA,GONZANAMA,NAMBACOLA,38,48,86,"360,463","347,776","708,239",607
LOJA,GONZANAMA,PURUNUMA (EGUIGUREN),11,16,27,"360,463","347,776","708,239",608
LOJA,GONZANAMA,SACAPALCA,24,14,38,"360,463","347,776","708,239",609
LOJA,LOJA,CHANTACO,33,34,67,"360,463","347,776","708,239",610
LOJA,LOJA,CHUQUIRIBAMBA,34,46,80,"360,463","347,776","708,239",611
LOJA,LOJA,EL CISNE,32,32,64,"360,463","347,776","708,239",612
LOJA,LOJA,EL SAGRARIO,"2,247","1,427","3,674","360,463","347,776","708,239",613
LOJA,LOJA,GUALEL,15,11,26,"360,463","347,776","708,239",614
LOJA,LOJA,JIMBILLA,12,11,23,"360,463","347,776","708,239",615
LOJA,LOJA,MALACATOS (VALLADOLID),171,181,352,"360,463","347,776","708,239",616
LOJA,LOJA,QUINARA,50,46,96,"360,463","347,776","708,239",617
LOJA,LOJA,SAN LUCAS,69,47,116,"360,463","347,776","708,239",618
LOJA,LOJA,SAN PEDRO DE VILCABAMBA,33,25,58,"360,463","347,776","708,239",619
LOJA,LOJA,SAN SEBASTIAN,"1,889","2,150","4,039","360,463","347,776","708,239",620
LOJA,LOJA,SANTIAGO,18,23,41,"360,463","347,776","708,239",621
LOJA,LOJA,SUCRE,416,676,"1,092","360,463","347,776","708,239",622
LOJA,LOJA,TAQUIL (MIGUEL RIOFRIO),0,0,0,"360,463","347,776","708,239",623
LOJA,LOJA,VALLE,"1,676","1,662","3,338","360,463","347,776","708,239",624
LOJA,LOJA,VILCABAMBA (VICTORIA),198,169,367,"360,463","347,776","708,239",625
LOJA,LOJA,YANGANA (ARSENIO CASTILLO),31,38,69,"360,463","347,776","708,239",626
LOJA,MACARA,GENERAL ELOY ALFARO (SAN SEBASTIAN),308,328,636,"360,463","347,776","708,239",627
LOJA,MACARA,LA VICTORIA,15,14,29,"360,463","347,776","708,239",628
LOJA,MACARA,LARAMA,0,0,0,"360,463","347,776","708,239",629
LOJA,MACARA,MACARA  (MANUEL ENRIQUE RENGEL SUQUILANDA),209,189,398,"360,463","347,776","708,239",630
LOJA,MACARA,SABIANGO (LA CAPILLA),10,12,22,"360,463","347,776","708,239",631
LOJA,OLMEDO,LA TINGUE,17,13,30,"360,463","347,776","708,239",632
LOJA,OLMEDO,OLMEDO,101,94,195,"360,463","347,776","708,239",633
LOJA,PALTAS,CANGONAMA,9,15,24,"360,463","347,776","708,239",634
LOJA,PALTAS,CASANGA,47,50,97,"360,463","347,776","708,239",635
LOJA,PALTAS,CATACOCHA,124,91,215,"360,463","347,776","708,239",636
LOJA,PALTAS,GUACHANAMA,15,17,32,"360,463","347,776","708,239",637
LOJA,PALTAS,LAURO GUERRERO,14,18,32,"360,463","347,776","708,239",638
LOJA,PALTAS,LOURDES,406,474,880,"360,463","347,776","708,239",639
LOJA,PALTAS,ORIANGA,34,23,57,"360,463","347,776","708,239",640
LOJA,PALTAS,SAN ANTONIO,15,21,36,"360,463","347,776","708,239",641
LOJA,PALTAS,YAMANA,17,15,32,"360,463","347,776","708,239",642
LOJA,PINDAL,12 DE DICIEMBRE,14,21,35,"360,463","347,776","708,239",643
LOJA,PINDAL,CHAQUINAL,22,29,51,"360,463","347,776","708,239",644
LOJA,PINDAL,PINDAL,166,145,311,"360,463","347,776","708,239",645
LOJA,PUYANGO,ALAMOR,231,226,457,"360,463","347,776","708,239",646
LOJA,PUYANGO,CIANO,34,45,79,"360,463","347,776","708,239",647
LOJA,PUYANGO,EL ARENAL,33,24,57,"360,463","347,776","708,239",648
LOJA,PUYANGO,EL LIMO (MARIANA DE JESUS),18,17,35,"360,463","347,776","708,239",649
LOJA,PUYANGO,MERCADILLO,18,32,50,"360,463","347,776","708,239",650
LOJA,PUYANGO,VICENTINO,19,32,51,"360,463","347,776","708,239",651
LOJA,QUILANGA,FUNDOCHAMBA,0,0,0,"360,463","347,776","708,239",652
LOJA,QUILANGA,QUILANGA,62,92,154,"360,463","347,776","708,239",653
LOJA,QUILANGA,SAN ANTONIO DE LAS ARADAS,18,22,40,"360,463","347,776","708,239",654
LOJA,SARAGURO,EL PARAISO DE CELEN,9,12,21,"360,463","347,776","708,239",655
LOJA,SARAGURO,EL TABLON,0,0,0,"360,463","347,776","708,239",656
LOJA,SARAGURO,LLUZHAPA,0,0,0,"360,463","347,776","708,239",657
LOJA,SARAGURO,MANU,34,32,66,"360,463","347,776","708,239",658
LOJA,SARAGURO,SAN ANTONIO DE QUMBE (CUMBE),0,0,0,"360,463","347,776","708,239",659
LOJA,SARAGURO,SAN PABLO DE TENTA,105,58,163,"360,463","347,776","708,239",660
LOJA,SARAGURO,SAN SEBASTIAN DE YULUC,0,0,0,"360,463","347,776","708,239",661
LOJA,SARAGURO,SARAGURO,458,441,899,"360,463","347,776","708,239",662
LOJA,SARAGURO,SELVA ALEGRE,33,24,57,"360,463","347,776","708,239",663
LOJA,SARAGURO,SUMAYPAMBA,0,0,0,"360,463","347,776","708,239",664
LOJA,SARAGURO,URDANETA (PAQUISHAPA),69,76,145,"360,463","347,776","708,239",665
LOJA,SOZORANGA,NUEVA FATIMA,21,22,43,"360,463","347,776","708,239",666
LOJA,SOZORANGA,SOZORANGA,54,46,100,"360,463","347,776","708,239",667
LOJA,SOZORANGA,TACAMOROS,34,26,60,"360,463","347,776","708,239",668
LOJA,ZAPOTILLO,BOLASPAMBA,0,0,0,"360,463","347,776","708,239",669
LOJA,ZAPOTILLO,CAZADEROS (CAB.EN MANGAURCO),8,8,16,"360,463","347,776","708,239",670
LOJA,ZAPOTILLO,GARZAREAL,0,0,0,"360,463","347,776","708,239",671
LOJA,ZAPOTILLO,LIMONES,5,7,12,"360,463","347,776","708,239",672
LOJA,ZAPOTILLO,PALETILLAS,33,37,70,"360,463","347,776","708,239",673
LOJA,ZAPOTILLO,ZAPOTILLO,102,87,189,"360,463","347,776","708,239",674
LOS RIOS,BABA,BABA,358,292,650,"360,463","347,776","708,239",675
LOS RIOS,BABA,GUARE,60,98,158,"360,463","347,776","708,239",676
LOS RIOS,BABA,ISLA DE BEJUCAL,148,136,284,"360,463","347,776","708,239",677
LOS RIOS,BABAHOYO,BABAHOYO,28,83,111,"360,463","347,776","708,239",678
LOS RIOS,BABAHOYO,BARREIRO,131,113,244,"360,463","347,776","708,239",679
LOS RIOS,BABAHOYO,CARACOL,91,95,186,"360,463","347,776","708,239",680
LOS RIOS,BABAHOYO,CLEMENTE BAQUERIZO,"3,786","3,814","7,600","360,463","347,776","708,239",681
LOS RIOS,BABAHOYO,DR. CAMILO PONCE,"1,475",514,"1,989","360,463","347,776","708,239",682
LOS RIOS,BABAHOYO,EL SALTO,39,47,86,"360,463","347,776","708,239",683
LOS RIOS,BABAHOYO,FEBRES CORDERO (LAS JUNTAS),211,223,434,"360,463","347,776","708,239",684
LOS RIOS,BABAHOYO,LA UNION,300,298,598,"360,463","347,776","708,239",685
LOS RIOS,BABAHOYO,PIMOCHA,263,167,430,"360,463","347,776","708,239",686
LOS RIOS,BUENA FE,PATRICIA PILAR,156,145,301,"360,463","347,776","708,239",687
LOS RIOS,BUENA FE,SAN JACINTO DE BUENA FE,935,945,"1,880","360,463","347,776","708,239",688
LOS RIOS,MOCACHE,MOCACHE,423,480,903,"360,463","347,776","708,239",689
LOS RIOS,MONTALVO,MONTALVO,535,606,"1,141","360,463","347,776","708,239",690
LOS RIOS,PALENQUE,PALENQUE,277,323,600,"360,463","347,776","708,239",691
LOS RIOS,PUEBLOVIEJO,PUEBLOVIEJO,126,202,328,"360,463","347,776","708,239",692
LOS RIOS,PUEBLOVIEJO,PUERTO PECHICHE,75,98,173,"360,463","347,776","708,239",693
LOS RIOS,PUEBLOVIEJO,SAN JUAN,316,240,556,"360,463","347,776","708,239",694
LOS RIOS,QUEVEDO,24 DE MAYO,"1,438",368,"1,806","360,463","347,776","708,239",695
LOS RIOS,QUEVEDO,GUAYACAN,675,758,"1,433","360,463","347,776","708,239",696
LOS RIOS,QUEVEDO,LA ESPERANZA,68,49,117,"360,463","347,776","708,239",697
LOS RIOS,QUEVEDO,NICOLAS INFANTE DIAZ,0,0,0,"360,463","347,776","708,239",698
LOS RIOS,QUEVEDO,QUEVEDO,255,281,536,"360,463","347,776","708,239",699
LOS RIOS,QUEVEDO,SAN CAMILO,"1,613","1,484","3,097","360,463","347,776","708,239",700
LOS RIOS,QUEVEDO,SAN CARLOS,238,262,500,"360,463","347,776","708,239",701
LOS RIOS,QUEVEDO,SAN CRISTOBAL,305,330,635,"360,463","347,776","708,239",702
LOS RIOS,QUEVEDO,SAN JOSE,0,0,0,"360,463","347,776","708,239",703
LOS RIOS,QUEVEDO,SIETE DE OCTUBRE,23,556,579,"360,463","347,776","708,239",704
LOS RIOS,QUEVEDO,VENUS DEL RIO QUEVEDO,867,888,"1,755","360,463","347,776","708,239",705
LOS RIOS,QUEVEDO,VIVA ALFARO,47,52,99,"360,463","347,776","708,239",706
LOS RIOS,QUINSALOMA,QUINSALOMA,314,333,647,"360,463","347,776","708,239",707
LOS RIOS,URDANETA,CATARAMA,395,367,762,"360,463","347,776","708,239",708
LOS RIOS,URDANETA,RICAURTE,361,387,748,"360,463","347,776","708,239",709
LOS RIOS,VALENCIA,VALENCIA,599,667,"1,266","360,463","347,776","708,239",710
LOS RIOS,VENTANAS,VENTANAS,"1,674","1,516","3,190","360,463","347,776","708,239",711
LOS RIOS,VENTANAS,ZAPOTAL,255,264,519,"360,463","347,776","708,239",712
LOS RIOS,VINCES,ANTONIO SOTOMAYOR,159,210,369,"360,463","347,776","708,239",713
LOS RIOS,VINCES,VINCES,"1,648","1,410","3,058","360,463","347,776","708,239",714
MANABI,24 DE MAYO,ARQ. SIXTO DURAN BALLEN,21,19,40,"360,463","347,776","708,239",715
MANABI,24 DE MAYO,BELLAVISTA,93,91,184,"360,463","347,776","708,239",716
MANABI,24 DE MAYO,NOBOA,74,94,168,"360,463","347,776","708,239",717
MANABI,24 DE MAYO,SUCRE,378,377,755,"360,463","347,776","708,239",718
MANABI,BOLIVAR,CALCETA,895,883,"1,778","360,463","347,776","708,239",719
MANABI,BOLIVAR,MEMBRILLO,25,30,55,"360,463","347,776","708,239",720
MANABI,BOLIVAR,QUIROGA,64,85,149,"360,463","347,776","708,239",721
MANABI,CHONE,BOYACA,53,64,117,"360,463","347,776","708,239",722
MANABI,CHONE,CANUTO,155,179,334,"360,463","347,776","708,239",723
MANABI,CHONE,CHIBUNGA,9,15,24,"360,463","347,776","708,239",724
MANABI,CHONE,CHONE,"2,156","1,920","4,076","360,463","347,776","708,239",725
MANABI,CHONE,CONVENTO,106,111,217,"360,463","347,776","708,239",726
MANABI,CHONE,ELOY ALFARO,39,41,80,"360,463","347,776","708,239",727
MANABI,CHONE,RICAURTE,39,60,99,"360,463","347,776","708,239",728
MANABI,CHONE,SAN ANTONIO,118,144,262,"360,463","347,776","708,239",729
MANABI,CHONE,SANTA RITA,147,309,456,"360,463","347,776","708,239",730
MANABI,EL CARMEN,4 DE DICIEMBRE,334,318,652,"360,463","347,776","708,239",731
MANABI,EL CARMEN,EL CARMEN,"1,440","1,325","2,765","360,463","347,776","708,239",732
MANABI,EL CARMEN,SAN PEDRO DE SUMA,63,66,129,"360,463","347,776","708,239",733
MANABI,EL CARMEN,WILFRIDO LOOR MOREIRA (MAICITO),15,9,24,"360,463","347,776","708,239",734
MANABI,FLAVIO ALFARO,FLAVIO ALFARO,371,417,788,"360,463","347,776","708,239",735
MANABI,FLAVIO ALFARO,SAN FRANCISCO DE NOVILLO,5,17,22,"360,463","347,776","708,239",736
MANABI,FLAVIO ALFARO,ZAPALLO,18,14,32,"360,463","347,776","708,239",737
MANABI,JAMA,JAMA,261,286,547,"360,463","347,776","708,239",738
MANABI,JARAMIJO,JARAMIJO,239,261,500,"360,463","347,776","708,239",739
MANABI,JIPIJAPA,AMERICA,18,53,71,"360,463","347,776","708,239",740
MANABI,JIPIJAPA,DR. MIGUEL MORAN LUCIO,41,31,72,"360,463","347,776","708,239",741
MANABI,JIPIJAPA,EL ANEGADO,29,26,55,"360,463","347,776","708,239",742
MANABI,JIPIJAPA,JIPIJAPA,0,0,0,"360,463","347,776","708,239",743
MANABI,JIPIJAPA,JULCUY,15,21,36,"360,463","347,776","708,239",744
MANABI,JIPIJAPA,LA UNION,0,0,0,"360,463","347,776","708,239",745
MANABI,JIPIJAPA,MANUEL INOCENCIO PARRALES Y GUALE,197,454,651,"360,463","347,776","708,239",746
MANABI,JIPIJAPA,MEMBRILLAL,15,36,51,"360,463","347,776","708,239",747
MANABI,JIPIJAPA,PEDRO PABLO GOMEZ,57,67,124,"360,463","347,776","708,239",748
MANABI,JIPIJAPA,PUERTO DE CAYO,59,52,111,"360,463","347,776","708,239",749
MANABI,JIPIJAPA,SAN LORENZO DE JIPIJAPA,"1,196",964,"2,160","360,463","347,776","708,239",750
MANABI,JUNIN,JUNIN,377,378,755,"360,463","347,776","708,239",751
MANABI,MANTA,ELOY ALFARO,421,460,881,"360,463","347,776","708,239",752
MANABI,MANTA,LOS ESTEROS,719,847,"1,566","360,463","347,776","708,239",753
MANABI,MANTA,MANTA,"3,863","3,968","7,831","360,463","347,776","708,239",754
MANABI,MANTA,SAN LORENZO,52,73,125,"360,463","347,776","708,239",755
MANABI,MANTA,SANTA MARIANITA (BOCA DE PACOCHE),19,28,47,"360,463","347,776","708,239",756
MANABI,MANTA,TARQUI,"2,064","1,440","3,504","360,463","347,776","708,239",757
MANABI,MONTECRISTI,ANIBAL SAN ANDRES,106,100,206,"360,463","347,776","708,239",758
MANABI,MONTECRISTI,LA PILA,57,64,121,"360,463","347,776","708,239",759
MANABI,MONTECRISTI,MONTECRISTI,759,803,"1,562","360,463","347,776","708,239",760
MANABI,OLMEDO,OLMEDO,133,151,284,"360,463","347,776","708,239",761
MANABI,PAJAN,CAMPOZANO (LA PALMA DE PAJAN),31,47,78,"360,463","347,776","708,239",762
MANABI,PAJAN,CASCOL,32,58,90,"360,463","347,776","708,239",763
MANABI,PAJAN,GUALE,42,37,79,"360,463","347,776","708,239",764
MANABI,PAJAN,LASCANO,48,53,101,"360,463","347,776","708,239",765
MANABI,PAJAN,PAJAN,408,438,846,"360,463","347,776","708,239",766
MANABI,PEDERNALES,10 DE AGOSTO,39,50,89,"360,463","347,776","708,239",767
MANABI,PEDERNALES,ATAHUALPA,33,32,65,"360,463","347,776","708,239",768
MANABI,PEDERNALES,COJIMIES,70,78,148,"360,463","347,776","708,239",769
MANABI,PEDERNALES,PEDERNALES,835,785,"1,620","360,463","347,776","708,239",770
MANABI,PICHINCHA,BARRAGANETE,43,60,103,"360,463","347,776","708,239",771
MANABI,PICHINCHA,PICHINCHA,372,329,701,"360,463","347,776","708,239",772
MANABI,PICHINCHA,SAN SEBASTIAN,135,148,283,"360,463","347,776","708,239",773
MANABI,PORTOVIEJO,12 DE MARZO,100,165,265,"360,463","347,776","708,239",774
MANABI,PORTOVIEJO,18 DE OCTUBRE,144,116,260,"360,463","347,776","708,239",775
MANABI,PORTOVIEJO,ABDON CALDERON (SAN FRANCISCO),363,416,779,"360,463","347,776","708,239",776
MANABI,PORTOVIEJO,ALHAJUELA (BAJO GRANDE),53,75,128,"360,463","347,776","708,239",777
MANABI,PORTOVIEJO,ANDRES DE VERA,107,144,251,"360,463","347,776","708,239",778
MANABI,PORTOVIEJO,CHIRIJOS,16,20,36,"360,463","347,776","708,239",779
MANABI,PORTOVIEJO,COLON,0,0,0,"360,463","347,776","708,239",780
MANABI,PORTOVIEJO,CRUCITA,176,222,398,"360,463","347,776","708,239",781
MANABI,PORTOVIEJO,FRANCISCO PACHECO,156,25,181,"360,463","347,776","708,239",782
MANABI,PORTOVIEJO,PICOAZA,169,237,406,"360,463","347,776","708,239",783
MANABI,PORTOVIEJO,PORTOVIEJO,"4,388","3,995","8,383","360,463","347,776","708,239",784
MANABI,PORTOVIEJO,PUEBLO NUEVO,43,50,93,"360,463","347,776","708,239",785
MANABI,PORTOVIEJO,RIOCHICO (RIO CHICO),264,321,585,"360,463","347,776","708,239",786
MANABI,PORTOVIEJO,SAN PABLO,"1,808","1,632","3,440","360,463","347,776","708,239",787
MANABI,PORTOVIEJO,SAN PLACIDO,116,98,214,"360,463","347,776","708,239",788
MANABI,PORTOVIEJO,SIMON BOLIVAR,0,0,0,"360,463","347,776","708,239",789
MANABI,PUERTO LOPEZ,MACHALILLA,73,86,159,"360,463","347,776","708,239",790
MANABI,PUERTO LOPEZ,PUERTO LOPEZ,284,276,560,"360,463","347,776","708,239",791
MANABI,PUERTO LOPEZ,SALANGO,49,90,139,"360,463","347,776","708,239",792
MANABI,ROCAFUERTE,ROCAFUERTE,708,802,"1,510","360,463","347,776","708,239",793
MANABI,SAN VICENTE,CANOA,34,28,62,"360,463","347,776","708,239",794
MANABI,SAN VICENTE,SAN VICENTE,320,317,637,"360,463","347,776","708,239",795
MANABI,SANTA ANA,AYACUCHO,90,102,192,"360,463","347,776","708,239",796
MANABI,SANTA ANA,HONORATO VASQUEZ,59,66,125,"360,463","347,776","708,239",797
MANABI,SANTA ANA,LA UNION,88,74,162,"360,463","347,776","708,239",798
MANABI,SANTA ANA,LODANA,76,60,136,"360,463","347,776","708,239",799
MANABI,SANTA ANA,SAN PABLO,86,103,189,"360,463","347,776","708,239",800
MANABI,SANTA ANA,SANTA ANA,604,551,"1,155","360,463","347,776","708,239",801
MANABI,SANTA ANA,SANTA ANA DE VUELTA LARGA,0,0,0,"360,463","347,776","708,239",802
MANABI,SUCRE,BAHIA DE CARAQUEZ,762,733,"1,495","360,463","347,776","708,239",803
MANABI,SUCRE,CHARAPOTO,289,356,645,"360,463","347,776","708,239",804
MANABI,SUCRE,LEONIDAS PLAZA GUTIERREZ,96,135,231,"360,463","347,776","708,239",805
MANABI,SUCRE,SAN ISIDRO,172,188,360,"360,463","347,776","708,239",806
MANABI,TOSAGUA,ANGEL PEDRO GILER (LA ESTANCILLA),15,44,59,"360,463","347,776","708,239",807
MANABI,TOSAGUA,BACHILLERO,62,84,146,"360,463","347,776","708,239",808
MANABI,TOSAGUA,TOSAGUA,639,759,"1,398","360,463","347,776","708,239",809
MORONA SANTIAGO,GUALAQUIZA,AMAZONAS (ROSARIO DE CUYES),0,0,0,"360,463","347,776","708,239",810
MORONA SANTIAGO,GUALAQUIZA,BERMEJOS,0,0,0,"360,463","347,776","708,239",811
MORONA SANTIAGO,GUALAQUIZA,BOMBOIZA,41,82,123,"360,463","347,776","708,239",812
MORONA SANTIAGO,GUALAQUIZA,CHIG뙬NDA,12,17,29,"360,463","347,776","708,239",813
MORONA SANTIAGO,GUALAQUIZA,EL IDEAL,0,0,0,"360,463","347,776","708,239",814
MORONA SANTIAGO,GUALAQUIZA,EL ROSARIO,0,0,0,"360,463","347,776","708,239",815
MORONA SANTIAGO,GUALAQUIZA,GUALAQUIZA,345,339,684,"360,463","347,776","708,239",816
MORONA SANTIAGO,GUALAQUIZA,MERCEDES MOLINA,0,0,0,"360,463","347,776","708,239",817
MORONA SANTIAGO,GUALAQUIZA,NUEVA TARQUI,19,15,34,"360,463","347,776","708,239",818
MORONA SANTIAGO,GUALAQUIZA,SAN MIGUEL DE CUYES,0,0,0,"360,463","347,776","708,239",819
MORONA SANTIAGO,HUAMBOYA,CHIGUAZA,94,95,189,"360,463","347,776","708,239",820
MORONA SANTIAGO,HUAMBOYA,HUAMBOYA,51,79,130,"360,463","347,776","708,239",821
MORONA SANTIAGO,LIMON INDANZA,GENERAL LEONIDAS PLAZA GUTIERREZ (LIMON),224,179,403,"360,463","347,776","708,239",822
MORONA SANTIAGO,LIMON INDANZA,INDANZA,26,17,43,"360,463","347,776","708,239",823
MORONA SANTIAGO,LIMON INDANZA,SAN ANTONIO,3,15,18,"360,463","347,776","708,239",824
MORONA SANTIAGO,LIMON INDANZA,SAN MIGUEL DE CONCHAY,0,0,0,"360,463","347,776","708,239",825
MORONA SANTIAGO,LIMON INDANZA,SANTA SUSANA DE CHIVIAZA,0,0,0,"360,463","347,776","708,239",826
MORONA SANTIAGO,LIMON INDANZA,YUNGANZA,12,17,29,"360,463","347,776","708,239",827
MORONA SANTIAGO,LOGRO벮,LOGRO벮,66,64,130,"360,463","347,776","708,239",828
MORONA SANTIAGO,LOGRO벮,SHIMPIS,23,30,53,"360,463","347,776","708,239",829
MORONA SANTIAGO,LOGRO벮,YAUPI,40,60,100,"360,463","347,776","708,239",830
MORONA SANTIAGO,MORONA,ALSHI,0,0,0,"360,463","347,776","708,239",831
MORONA SANTIAGO,MORONA,CUCHAENTZA,0,0,0,"360,463","347,776","708,239",832
MORONA SANTIAGO,MORONA,GENERAL PROA벮,0,0,0,"360,463","347,776","708,239",833
MORONA SANTIAGO,MORONA,MACAS,914,934,"1,848","360,463","347,776","708,239",834
MORONA SANTIAGO,MORONA,RIO BLANCO,18,15,33,"360,463","347,776","708,239",835
MORONA SANTIAGO,MORONA,SAN ISIDRO,97,59,156,"360,463","347,776","708,239",836
MORONA SANTIAGO,MORONA,SEVILLA DON BOSCO,149,244,393,"360,463","347,776","708,239",837
MORONA SANTIAGO,MORONA,SINAI,0,0,0,"360,463","347,776","708,239",838
MORONA SANTIAGO,MORONA,ZU베 (ZU베C),0,0,0,"360,463","347,776","708,239",839
MORONA SANTIAGO,PABLO SEXTO,PABLO VI,29,34,63,"360,463","347,776","708,239",840
MORONA SANTIAGO,PALORA,16 DE AGOSTO,0,0,0,"360,463","347,776","708,239",841
MORONA SANTIAGO,PALORA,ARAPICOS,0,0,0,"360,463","347,776","708,239",842
MORONA SANTIAGO,PALORA,CUMANDA,0,0,0,"360,463","347,776","708,239",843
MORONA SANTIAGO,PALORA,PALORA (METZERA),184,194,378,"360,463","347,776","708,239",844
MORONA SANTIAGO,PALORA,SANGAY,0,0,0,"360,463","347,776","708,239",845
MORONA SANTIAGO,SAN JUAN BOSCO,PAN DE AZUCAR,0,0,0,"360,463","347,776","708,239",846
MORONA SANTIAGO,SAN JUAN BOSCO,SAN CARLOS DE LIMON,0,0,0,"360,463","347,776","708,239",847
MORONA SANTIAGO,SAN JUAN BOSCO,SAN JACINTO DE WAKAMBEIS,0,0,0,"360,463","347,776","708,239",848
MORONA SANTIAGO,SAN JUAN BOSCO,SAN JUAN BOSCO,57,59,116,"360,463","347,776","708,239",849
MORONA SANTIAGO,SAN JUAN BOSCO,SANTIAGO DE PANANZA,0,0,0,"360,463","347,776","708,239",850
MORONA SANTIAGO,SANTIAGO,CHUPIANZA,0,0,0,"360,463","347,776","708,239",851
MORONA SANTIAGO,SANTIAGO,COPAL,0,0,0,"360,463","347,776","708,239",852
MORONA SANTIAGO,SANTIAGO,PATUCA,0,0,0,"360,463","347,776","708,239",853
MORONA SANTIAGO,SANTIAGO,SAN FRANCISCO DE CHINIMBIMI,0,0,0,"360,463","347,776","708,239",854
MORONA SANTIAGO,SANTIAGO,SAN LUIS DE EL ACHO,0,0,0,"360,463","347,776","708,239",855
MORONA SANTIAGO,SANTIAGO,SANTIAGO DE MENDEZ,151,155,306,"360,463","347,776","708,239",856
MORONA SANTIAGO,SANTIAGO,TAYUZA,36,43,79,"360,463","347,776","708,239",857
MORONA SANTIAGO,SUCUA,ASUNCION,0,0,0,"360,463","347,776","708,239",858
MORONA SANTIAGO,SUCUA,HUAMBI,40,60,100,"360,463","347,776","708,239",859
MORONA SANTIAGO,SUCUA,SANTA MARIANITA DE JESUS,0,0,0,"360,463","347,776","708,239",860
MORONA SANTIAGO,SUCUA,SUCUA,458,462,920,"360,463","347,776","708,239",861
MORONA SANTIAGO,TAISHA,HUASAGA,92,218,310,"360,463","347,776","708,239",862
MORONA SANTIAGO,TAISHA,MACUMA,48,119,167,"360,463","347,776","708,239",863
MORONA SANTIAGO,TAISHA,TAISHA,74,134,208,"360,463","347,776","708,239",864
MORONA SANTIAGO,TAISHA,TUUTINENTZA,56,80,136,"360,463","347,776","708,239",865
MORONA SANTIAGO,TIWINTZA,SAN JOSE MORONA,32,35,67,"360,463","347,776","708,239",866
MORONA SANTIAGO,TIWINTZA,SANTIAGO,54,68,122,"360,463","347,776","708,239",867
NAPO,ARCHIDONA,ARCHIDONA,507,444,951,"360,463","347,776","708,239",868
NAPO,ARCHIDONA,COTUNDO,210,224,434,"360,463","347,776","708,239",869
NAPO,ARCHIDONA,SAN PABLO DE USHPAYACU,59,79,138,"360,463","347,776","708,239",870
NAPO,CARLOS JULIO AROSEMENA TOLA,CARLOS JULIO AROSEMENA TOLA,58,76,134,"360,463","347,776","708,239",871
NAPO,EL CHACO,EL CHACO,176,198,374,"360,463","347,776","708,239",872
NAPO,EL CHACO,GONZALO DIAZ DE PINEDA (EL BOMBON),0,0,0,"360,463","347,776","708,239",873
NAPO,EL CHACO,LINARES,0,0,0,"360,463","347,776","708,239",874
NAPO,EL CHACO,OYACACHI,0,0,0,"360,463","347,776","708,239",875
NAPO,EL CHACO,SANTA ROSA,0,0,0,"360,463","347,776","708,239",876
NAPO,EL CHACO,SARDINAS,0,0,0,"360,463","347,776","708,239",877
NAPO,QUIJOS,BAEZA,49,49,98,"360,463","347,776","708,239",878
NAPO,QUIJOS,COSANGA,0,0,0,"360,463","347,776","708,239",879
NAPO,QUIJOS,CUYUJA,0,0,0,"360,463","347,776","708,239",880
NAPO,QUIJOS,PAPALLACTA,0,0,0,"360,463","347,776","708,239",881
NAPO,QUIJOS,SAN FRANCISCO DE BORJA (VIRGILIO DAVILA),163,166,329,"360,463","347,776","708,239",882
NAPO,QUIJOS,SUMACO,0,0,0,"360,463","347,776","708,239",883
NAPO,TENA,AHUANO,98,98,196,"360,463","347,776","708,239",884
NAPO,TENA,CHONTAPUNTA,95,176,271,"360,463","347,776","708,239",885
NAPO,TENA,PANO,67,73,140,"360,463","347,776","708,239",886
NAPO,TENA,PUERTO MISAHUALLI,41,59,100,"360,463","347,776","708,239",887
NAPO,TENA,PUERTO NAPO,88,120,208,"360,463","347,776","708,239",888
NAPO,TENA,TALAG,66,57,123,"360,463","347,776","708,239",889
NAPO,TENA,TENA,"1,688","1,690","3,378","360,463","347,776","708,239",890
ORELLANA,AGUARICO,CAPITAN AUGUSTO RIVADENEYRA,0,0,0,"360,463","347,776","708,239",891
ORELLANA,AGUARICO,CONONACO,0,0,0,"360,463","347,776","708,239",892
ORELLANA,AGUARICO,NUEVO ROCAFUERTE,24,41,65,"360,463","347,776","708,239",893
ORELLANA,AGUARICO,SANTA MARIA DE HUIRIRIMA,0,0,0,"360,463","347,776","708,239",894
ORELLANA,AGUARICO,TIPUTINI,36,56,92,"360,463","347,776","708,239",895
ORELLANA,AGUARICO,YASUNI,0,0,0,"360,463","347,776","708,239",896
ORELLANA,LA JOYA DE LOS SACHAS,ENOKANQUI,0,0,0,"360,463","347,776","708,239",897
ORELLANA,LA JOYA DE LOS SACHAS,LA JOYA DE LOS SACHAS,748,683,"1,431","360,463","347,776","708,239",898
ORELLANA,LA JOYA DE LOS SACHAS,LAGO SAN PEDRO,13,11,24,"360,463","347,776","708,239",899
ORELLANA,LA JOYA DE LOS SACHAS,POMPEYA,0,0,0,"360,463","347,776","708,239",900
ORELLANA,LA JOYA DE LOS SACHAS,RUMIPAMBA,0,0,0,"360,463","347,776","708,239",901
ORELLANA,LA JOYA DE LOS SACHAS,SAN CARLOS,43,66,109,"360,463","347,776","708,239",902
ORELLANA,LA JOYA DE LOS SACHAS,SAN SEBASTIAN DEL COCA,128,86,214,"360,463","347,776","708,239",903
ORELLANA,LA JOYA DE LOS SACHAS,TRES DE NOVIEMBRE,63,54,117,"360,463","347,776","708,239",904
ORELLANA,LA JOYA DE LOS SACHAS,UNION MILAGRE베,0,0,0,"360,463","347,776","708,239",905
ORELLANA,LORETO,AVILA,0,0,0,"360,463","347,776","708,239",906
ORELLANA,LORETO,LORETO,346,325,671,"360,463","347,776","708,239",907
ORELLANA,LORETO,PUERTO MURIALDO,0,0,0,"360,463","347,776","708,239",908
ORELLANA,LORETO,SAN JOSE DE DAHUANO,14,41,55,"360,463","347,776","708,239",909
ORELLANA,LORETO,SAN JOSE DE PAYAMINO,71,203,274,"360,463","347,776","708,239",910
ORELLANA,LORETO,SAN VICENTE DE HUATICOCHA,13,26,39,"360,463","347,776","708,239",911
ORELLANA,ORELLANA,ALEJANDRO LABACA,29,55,84,"360,463","347,776","708,239",912
ORELLANA,ORELLANA,DAYUMA,77,62,139,"360,463","347,776","708,239",913
ORELLANA,ORELLANA,EL DORADO,0,0,0,"360,463","347,776","708,239",914
ORELLANA,ORELLANA,EL EDEN,7,10,17,"360,463","347,776","708,239",915
ORELLANA,ORELLANA,GARCIA MORENO,0,0,0,"360,463","347,776","708,239",916
ORELLANA,ORELLANA,INES NARANJO,30,38,68,"360,463","347,776","708,239",917
ORELLANA,ORELLANA,LA BELLEZA,17,33,50,"360,463","347,776","708,239",918
ORELLANA,ORELLANA,NUEVO PARAISO,0,0,0,"360,463","347,776","708,239",919
ORELLANA,ORELLANA,PUERTO FRANCISCO DE ORELLANA (COCA),"1,332","1,121","2,453","360,463","347,776","708,239",920
ORELLANA,ORELLANA,SAN JOSE DE GUAYUSA,0,0,0,"360,463","347,776","708,239",921
ORELLANA,ORELLANA,SAN LUIS DE ARMENIA,18,19,37,"360,463","347,776","708,239",922
ORELLANA,ORELLANA,TARACOA,38,45,83,"360,463","347,776","708,239",923
PASTAZA,ARAJUNO,ARAJUNO,89,102,191,"360,463","347,776","708,239",924
PASTAZA,ARAJUNO,CURARAY,14,27,41,"360,463","347,776","708,239",925
PASTAZA,MERA,MADRE TIERRA,6,9,15,"360,463","347,776","708,239",926
PASTAZA,MERA,MERA,56,85,141,"360,463","347,776","708,239",927
PASTAZA,MERA,SHELL,164,159,323,"360,463","347,776","708,239",928
PASTAZA,PASTAZA,CANELOS,55,65,120,"360,463","347,776","708,239",929
PASTAZA,PASTAZA,DIEZ DE AGOSTO,0,0,0,"360,463","347,776","708,239",930
PASTAZA,PASTAZA,EL TRIUNFO,0,0,0,"360,463","347,776","708,239",931
PASTAZA,PASTAZA,FATIMA,0,0,0,"360,463","347,776","708,239",932
PASTAZA,PASTAZA,MONTALVO (ANDOAS),13,28,41,"360,463","347,776","708,239",933
PASTAZA,PASTAZA,POMONA,0,0,0,"360,463","347,776","708,239",934
PASTAZA,PASTAZA,PUYO,"1,371","1,511","2,882","360,463","347,776","708,239",935
PASTAZA,PASTAZA,RIO CORRIENTES,16,25,41,"360,463","347,776","708,239",936
PASTAZA,PASTAZA,RIO TIGRE,0,0,0,"360,463","347,776","708,239",937
PASTAZA,PASTAZA,SARAYACU,41,49,90,"360,463","347,776","708,239",938
PASTAZA,PASTAZA,SIMON BOLIVAR,83,110,193,"360,463","347,776","708,239",939
PASTAZA,PASTAZA,TARQUI,12,8,20,"360,463","347,776","708,239",940
PASTAZA,PASTAZA,TENIENTE HUGO ORTIZ,0,0,0,"360,463","347,776","708,239",941
PASTAZA,PASTAZA,VERACRUZ (INDILLAMA),147,41,188,"360,463","347,776","708,239",942
PASTAZA,SANTA CLARA,SAN JOSE,0,0,0,"360,463","347,776","708,239",943
PASTAZA,SANTA CLARA,SANTA CLARA,123,109,232,"360,463","347,776","708,239",944
PICHINCHA,CAYAMBE,ASCAZUBI,161,226,387,"360,463","347,776","708,239",945
PICHINCHA,CAYAMBE,AYORA,594,889,"1,483","360,463","347,776","708,239",946
PICHINCHA,CAYAMBE,CANGAHUA,193,245,438,"360,463","347,776","708,239",947
PICHINCHA,CAYAMBE,CAYAMBE,986,381,"1,367","360,463","347,776","708,239",948
PICHINCHA,CAYAMBE,JUAN MONTALVO,161,314,475,"360,463","347,776","708,239",949
PICHINCHA,CAYAMBE,OLMEDO (PESILLO),72,84,156,"360,463","347,776","708,239",950
PICHINCHA,CAYAMBE,OTON,0,0,0,"360,463","347,776","708,239",951
PICHINCHA,CAYAMBE,SANTA ROSA DE CUZUBAMBA,39,37,76,"360,463","347,776","708,239",952
PICHINCHA,MEJIA,ALOAG,105,128,233,"360,463","347,776","708,239",953
PICHINCHA,MEJIA,ALOASI,437,464,901,"360,463","347,776","708,239",954
PICHINCHA,MEJIA,CUTUGLAHUA,165,189,354,"360,463","347,776","708,239",955
PICHINCHA,MEJIA,EL CHAUPI,0,0,0,"360,463","347,776","708,239",956
PICHINCHA,MEJIA,MACHACHI,591,540,"1,131","360,463","347,776","708,239",957
PICHINCHA,MEJIA,MANUEL CORNEJO ASTORGA (TANDAPI),46,53,99,"360,463","347,776","708,239",958
PICHINCHA,MEJIA,TAMBILLO,142,368,510,"360,463","347,776","708,239",959
PICHINCHA,MEJIA,UYUMBICHO,273,182,455,"360,463","347,776","708,239",960
PICHINCHA,PEDRO MONCAYO,LA ESPERANZA,0,0,0,"360,463","347,776","708,239",961
PICHINCHA,PEDRO MONCAYO,MALCHINGUI,87,66,153,"360,463","347,776","708,239",962
PICHINCHA,PEDRO MONCAYO,TABACUNDO,423,485,908,"360,463","347,776","708,239",963
PICHINCHA,PEDRO MONCAYO,TOCACHI,0,0,0,"360,463","347,776","708,239",964
PICHINCHA,PEDRO MONCAYO,TUPIGACHI,42,39,81,"360,463","347,776","708,239",965
PICHINCHA,PEDRO VICENTE MALDONADO,PEDRO VICENTE MALDONADO,303,251,554,"360,463","347,776","708,239",966
PICHINCHA,PUERTO QUITO,PUERTO QUITO,195,159,354,"360,463","347,776","708,239",967
PICHINCHA,QUITO,ALANGASI,546,574,"1,120","360,463","347,776","708,239",968
PICHINCHA,QUITO,AMAGUA베,184,245,429,"360,463","347,776","708,239",969
PICHINCHA,QUITO,ATAHUALPA (HABASPAMBA),47,31,78,"360,463","347,776","708,239",970
PICHINCHA,QUITO,BELISARIO QUEVEDO,"3,376","2,301","5,677","360,463","347,776","708,239",971
PICHINCHA,QUITO,CALACALI,92,96,188,"360,463","347,776","708,239",972
PICHINCHA,QUITO,CALDERON (CARAPUNGO),"2,030","2,177","4,207","360,463","347,776","708,239",973
PICHINCHA,QUITO,CARCELEN,"1,074",572,"1,646","360,463","347,776","708,239",974
PICHINCHA,QUITO,CENTRO HISTORICO,"4,439","2,733","7,172","360,463","347,776","708,239",975
PICHINCHA,QUITO,CHAVEZPAMBA,0,0,0,"360,463","347,776","708,239",976
PICHINCHA,QUITO,CHECA,126,129,255,"360,463","347,776","708,239",977
PICHINCHA,QUITO,CHILIBULO,598,737,"1,335","360,463","347,776","708,239",978
PICHINCHA,QUITO,CHILLOGALLO,"1,447","1,815","3,262","360,463","347,776","708,239",979
PICHINCHA,QUITO,CHIMBACALLE,"3,012","2,835","5,847","360,463","347,776","708,239",980
PICHINCHA,QUITO,COCHAPAMBA,997,"1,156","2,153","360,463","347,776","708,239",981
PICHINCHA,QUITO,COMITE DEL PUEBLO,588,715,"1,303","360,463","347,776","708,239",982
PICHINCHA,QUITO,CONOCOTO,"1,601","1,862","3,463","360,463","347,776","708,239",983
PICHINCHA,QUITO,COTOCOLLAO,950,751,"1,701","360,463","347,776","708,239",984
PICHINCHA,QUITO,CUMBAYA,"1,085","1,233","2,318","360,463","347,776","708,239",985
PICHINCHA,QUITO,EL CONDADO,"1,557",271,"1,828","360,463","347,776","708,239",986
PICHINCHA,QUITO,EL QUINCHE,682,532,"1,214","360,463","347,776","708,239",987
PICHINCHA,QUITO,GUALEA,23,31,54,"360,463","347,776","708,239",988
PICHINCHA,QUITO,GUAMANI,570,530,"1,100","360,463","347,776","708,239",989
PICHINCHA,QUITO,GUANGOPOLO,0,0,0,"360,463","347,776","708,239",990
PICHINCHA,QUITO,GUAYLLABAMBA,361,352,713,"360,463","347,776","708,239",991
PICHINCHA,QUITO,I베QUITO,"4,034","2,211","6,245","360,463","347,776","708,239",992
PICHINCHA,QUITO,ITCHIMBIA,"1,541",720,"2,261","360,463","347,776","708,239",993
PICHINCHA,QUITO,JIPIJAPA,"1,024","2,751","3,775","360,463","347,776","708,239",994
PICHINCHA,QUITO,KENNEDY,"3,049","2,894","5,943","360,463","347,776","708,239",995
PICHINCHA,QUITO,LA ARGELIA,329,348,677,"360,463","347,776","708,239",996
PICHINCHA,QUITO,LA CONCEPCION,464,828,"1,292","360,463","347,776","708,239",997
PICHINCHA,QUITO,LA ECUATORIANA,366,494,860,"360,463","347,776","708,239",998
PICHINCHA,QUITO,LA FERROVIARIA,"1,020","1,109","2,129","360,463","347,776","708,239",999
PICHINCHA,QUITO,LA LIBERTAD,0,0,0,"360,463","347,776","708,239","1,000"
PICHINCHA,QUITO,LA MAGDALENA,"2,925","3,563","6,488","360,463","347,776","708,239","1,001"
PICHINCHA,QUITO,LA MENA,92,147,239,"360,463","347,776","708,239","1,002"
PICHINCHA,QUITO,LA MERCED,0,0,0,"360,463","347,776","708,239","1,003"
PICHINCHA,QUITO,LLANO CHICO,95,191,286,"360,463","347,776","708,239","1,004"
PICHINCHA,QUITO,LLOA,0,0,0,"360,463","347,776","708,239","1,005"
PICHINCHA,QUITO,MARISCAL SUCRE,"1,788",706,"2,494","360,463","347,776","708,239","1,006"
PICHINCHA,QUITO,NANEGAL,18,34,52,"360,463","347,776","708,239","1,007"
PICHINCHA,QUITO,NANEGALITO,110,102,212,"360,463","347,776","708,239","1,008"
PICHINCHA,QUITO,NAYON,188,191,379,"360,463","347,776","708,239","1,009"
PICHINCHA,QUITO,NONO,20,25,45,"360,463","347,776","708,239","1,010"
PICHINCHA,QUITO,PACTO,70,65,135,"360,463","347,776","708,239","1,011"
PICHINCHA,QUITO,PERUCHO,0,0,0,"360,463","347,776","708,239","1,012"
PICHINCHA,QUITO,PIFO,359,276,635,"360,463","347,776","708,239","1,013"
PICHINCHA,QUITO,PINTAG,329,351,680,"360,463","347,776","708,239","1,014"
PICHINCHA,QUITO,POMASQUI,814,"1,050","1,864","360,463","347,776","708,239","1,015"
PICHINCHA,QUITO,PONCEANO,"1,034","1,001","2,035","360,463","347,776","708,239","1,016"
PICHINCHA,QUITO,PUELLARO,141,165,306,"360,463","347,776","708,239","1,017"
PICHINCHA,QUITO,PUEMBO,289,205,494,"360,463","347,776","708,239","1,018"
PICHINCHA,QUITO,PUENGASI,224,200,424,"360,463","347,776","708,239","1,019"
PICHINCHA,QUITO,QUITO,137,207,344,"360,463","347,776","708,239","1,020"
PICHINCHA,QUITO,QUITUMBE,599,"1,577","2,176","360,463","347,776","708,239","1,021"
PICHINCHA,QUITO,RUMIPAMBA,697,"1,375","2,072","360,463","347,776","708,239","1,022"
PICHINCHA,QUITO,SAN ANTONIO,507,644,"1,151","360,463","347,776","708,239","1,023"
PICHINCHA,QUITO,SAN BARTOLO,"3,350","2,458","5,808","360,463","347,776","708,239","1,024"
PICHINCHA,QUITO,SAN ISIDRO DEL INCA,"1,420","1,516","2,936","360,463","347,776","708,239","1,025"
PICHINCHA,QUITO,SAN JOSE DE MINAS,128,116,244,"360,463","347,776","708,239","1,026"
PICHINCHA,QUITO,SAN JUAN,"2,023","3,841","5,864","360,463","347,776","708,239","1,027"
PICHINCHA,QUITO,SOLANDA,"1,350","1,106","2,456","360,463","347,776","708,239","1,028"
PICHINCHA,QUITO,TABABELA,153,118,271,"360,463","347,776","708,239","1,029"
PICHINCHA,QUITO,TUMBACO,"1,268","1,085","2,353","360,463","347,776","708,239","1,030"
PICHINCHA,QUITO,TURUBAMBA,555,627,"1,182","360,463","347,776","708,239","1,031"
PICHINCHA,QUITO,YARUQUI,300,447,747,"360,463","347,776","708,239","1,032"
PICHINCHA,QUITO,ZAMBIZA,61,47,108,"360,463","347,776","708,239","1,033"
PICHINCHA,RUMI베HUI,COTOGCHOA,0,0,0,"360,463","347,776","708,239","1,034"
PICHINCHA,RUMI베HUI,RUMIPAMBA,0,0,0,"360,463","347,776","708,239","1,035"
PICHINCHA,RUMI베HUI,SAN PEDRO DE TABOADA,52,31,83,"360,463","347,776","708,239","1,036"
PICHINCHA,RUMI베HUI,SAN RAFAEL,450,318,768,"360,463","347,776","708,239","1,037"
PICHINCHA,RUMI베HUI,SANGOLQUI,"2,453","2,447","4,900","360,463","347,776","708,239","1,038"
PICHINCHA,SAN MIGUEL DE LOS BANCOS,MINDO,112,90,202,"360,463","347,776","708,239","1,039"
PICHINCHA,SAN MIGUEL DE LOS BANCOS,SAN MIGUEL DE LOS BANCOS,220,200,420,"360,463","347,776","708,239","1,040"
SANTA ELENA,LA LIBERTAD,LA LIBERTAD,"2,124","1,981","4,105","360,463","347,776","708,239","1,041"
SANTA ELENA,SALINAS,ANCONCITO,118,107,225,"360,463","347,776","708,239","1,042"
SANTA ELENA,SALINAS,CARLOS ESPINOZA LARREA,449,463,912,"360,463","347,776","708,239","1,043"
SANTA ELENA,SALINAS,GRAL. ALBERTO ENRIQUEZ GALLO,113,230,343,"360,463","347,776","708,239","1,044"
SANTA ELENA,SALINAS,JOSE LUIS TAMAYO (MUEY),"1,019","1,081","2,100","360,463","347,776","708,239","1,045"
SANTA ELENA,SALINAS,SANTA ROSA,176,210,386,"360,463","347,776","708,239","1,046"
SANTA ELENA,SANTA ELENA,ATAHUALPA,26,44,70,"360,463","347,776","708,239","1,047"
SANTA ELENA,SANTA ELENA,BALLENITA,143,71,214,"360,463","347,776","708,239","1,048"
SANTA ELENA,SANTA ELENA,CHANDUY,104,162,266,"360,463","347,776","708,239","1,049"
SANTA ELENA,SANTA ELENA,COLONCHE,155,181,336,"360,463","347,776","708,239","1,050"
SANTA ELENA,SANTA ELENA,MANGLARALTO,595,673,"1,268","360,463","347,776","708,239","1,051"
SANTA ELENA,SANTA ELENA,SAN JOSE DE ANCON,254,404,658,"360,463","347,776","708,239","1,052"
SANTA ELENA,SANTA ELENA,SANTA ELENA,907,"1,036","1,943","360,463","347,776","708,239","1,053"
SANTA ELENA,SANTA ELENA,SIMON BOLIVAR (JULIO MORENO),79,114,193,"360,463","347,776","708,239","1,054"
SANTO DOMINGO DE LOS TSACHILAS,SANTO DOMINGO DE LOS TSACHILAS,ABRAHAM CALAZACON,"1,067","1,108","2,175","360,463","347,776","708,239","1,055"
SANTO DOMINGO DE LOS TSACHILAS,SANTO DOMINGO DE LOS TSACHILAS,ALLURIQUIN,141,91,232,"360,463","347,776","708,239","1,056"
SANTO DOMINGO DE LOS TSACHILAS,SANTO DOMINGO DE LOS TSACHILAS,BOMBOLI,"2,387","1,554","3,941","360,463","347,776","708,239","1,057"
SANTO DOMINGO DE LOS TSACHILAS,SANTO DOMINGO DE LOS TSACHILAS,CHIGUILPE,660,800,"1,460","360,463","347,776","708,239","1,058"
SANTO DOMINGO DE LOS TSACHILAS,SANTO DOMINGO DE LOS TSACHILAS,EL ESFUERZO,104,89,193,"360,463","347,776","708,239","1,059"
SANTO DOMINGO DE LOS TSACHILAS,SANTO DOMINGO DE LOS TSACHILAS,LUZ DE AMERICA,233,251,484,"360,463","347,776","708,239","1,060"
SANTO DOMINGO DE LOS TSACHILAS,SANTO DOMINGO DE LOS TSACHILAS,PUERTO LIMON,188,145,333,"360,463","347,776","708,239","1,061"
SANTO DOMINGO DE LOS TSACHILAS,SANTO DOMINGO DE LOS TSACHILAS,RIO TOACHI,42,50,92,"360,463","347,776","708,239","1,062"
SANTO DOMINGO DE LOS TSACHILAS,SANTO DOMINGO DE LOS TSACHILAS,RIO VERDE,"1,493","1,344","2,837","360,463","347,776","708,239","1,063"
SANTO DOMINGO DE LOS TSACHILAS,SANTO DOMINGO DE LOS TSACHILAS,SAN JACINTO DE BUA,116,98,214,"360,463","347,776","708,239","1,064"
SANTO DOMINGO DE LOS TSACHILAS,SANTO DOMINGO DE LOS TSACHILAS,SANTA MARIA DEL TOACHI,92,100,192,"360,463","347,776","708,239","1,065"
SANTO DOMINGO DE LOS TSACHILAS,SANTO DOMINGO DE LOS TSACHILAS,SANTO DOMINGO DE LOS COLORADOS,"2,360","2,190","4,550","360,463","347,776","708,239","1,066"
SANTO DOMINGO DE LOS TSACHILAS,SANTO DOMINGO DE LOS TSACHILAS,VALLE HERMOSO,131,133,264,"360,463","347,776","708,239","1,067"
SANTO DOMINGO DE LOS TSACHILAS,SANTO DOMINGO DE LOS TSACHILAS,ZARACAY,107,96,203,"360,463","347,776","708,239","1,068"
SUCUMBIOS,CASCALES,EL DORADO DE CASCALES,142,85,227,"360,463","347,776","708,239","1,069"
SUCUMBIOS,CASCALES,SANTA ROSA DE SUCUMBIOS,15,21,36,"360,463","347,776","708,239","1,070"
SUCUMBIOS,CASCALES,SEVILLA,29,50,79,"360,463","347,776","708,239","1,071"
SUCUMBIOS,CUYABENO,AGUAS NEGRAS,0,0,0,"360,463","347,776","708,239","1,072"
SUCUMBIOS,CUYABENO,CUYABENO,0,0,0,"360,463","347,776","708,239","1,073"
SUCUMBIOS,CUYABENO,TARAPOA,112,124,236,"360,463","347,776","708,239","1,074"
SUCUMBIOS,GONZALO PIZARRO,EL REVENTADOR,46,31,77,"360,463","347,776","708,239","1,075"
SUCUMBIOS,GONZALO PIZARRO,GONZALO PIZARRO,73,103,176,"360,463","347,776","708,239","1,076"
SUCUMBIOS,GONZALO PIZARRO,LUMBAQUI,193,181,374,"360,463","347,776","708,239","1,077"
SUCUMBIOS,GONZALO PIZARRO,PUERTO LIBRE,19,9,28,"360,463","347,776","708,239","1,078"
SUCUMBIOS,LAGO AGRIO,DURENO,99,88,187,"360,463","347,776","708,239","1,079"
SUCUMBIOS,LAGO AGRIO,EL ENO,153,82,235,"360,463","347,776","708,239","1,080"
SUCUMBIOS,LAGO AGRIO,GENERAL FARFAN,53,58,111,"360,463","347,776","708,239","1,081"
SUCUMBIOS,LAGO AGRIO,JAMBELI,75,131,206,"360,463","347,776","708,239","1,082"
SUCUMBIOS,LAGO AGRIO,NUEVA LOJA (LAGO AGRIO),"1,918","1,600","3,518","360,463","347,776","708,239","1,083"
SUCUMBIOS,LAGO AGRIO,PACAYACU,92,90,182,"360,463","347,776","708,239","1,084"
SUCUMBIOS,LAGO AGRIO,SANTA CECILIA,72,58,130,"360,463","347,776","708,239","1,085"
SUCUMBIOS,PUTUMAYO,PALMA ROJA,75,68,143,"360,463","347,776","708,239","1,086"
SUCUMBIOS,PUTUMAYO,PUERTO BOLIVAR (PUERTO MONTUFAR),0,0,0,"360,463","347,776","708,239","1,087"
SUCUMBIOS,PUTUMAYO,PUERTO EL CARMEN DE PUTUMAYO,83,93,176,"360,463","347,776","708,239","1,088"
SUCUMBIOS,PUTUMAYO,PUERTO RODRIGUEZ,0,0,0,"360,463","347,776","708,239","1,089"
SUCUMBIOS,PUTUMAYO,SANTA ELENA,0,0,0,"360,463","347,776","708,239","1,090"
SUCUMBIOS,SHUSHUFINDI,LIMONCOCHA,90,177,267,"360,463","347,776","708,239","1,091"
SUCUMBIOS,SHUSHUFINDI,PA베COCHA,0,0,0,"360,463","347,776","708,239","1,092"
SUCUMBIOS,SHUSHUFINDI,SAN PEDRO DE LOS COFANES,172,96,268,"360,463","347,776","708,239","1,093"
SUCUMBIOS,SHUSHUFINDI,SAN ROQUE,49,50,99,"360,463","347,776","708,239","1,094"
SUCUMBIOS,SHUSHUFINDI,SHUSHUFINDI,638,549,"1,187","360,463","347,776","708,239","1,095"
SUCUMBIOS,SHUSHUFINDI,SIETE DE JULIO,11,13,24,"360,463","347,776","708,239","1,096"
SUCUMBIOS,SUCUMBIOS,EL PLAYON DE SAN FRANCISCO,37,53,90,"360,463","347,776","708,239","1,097"
SUCUMBIOS,SUCUMBIOS,LA BONITA,24,27,51,"360,463","347,776","708,239","1,098"
SUCUMBIOS,SUCUMBIOS,LA SOFIA,0,0,0,"360,463","347,776","708,239","1,099"
SUCUMBIOS,SUCUMBIOS,ROSA FLORIDA,0,0,0,"360,463","347,776","708,239","1,100"
SUCUMBIOS,SUCUMBIOS,SANTA BARBARA,25,24,49,"360,463","347,776","708,239","1,101"
TUNGURAHUA,AMBATO,AMBATILLO,0,0,0,"360,463","347,776","708,239","1,102"
TUNGURAHUA,AMBATO,AMBATO,0,0,0,"360,463","347,776","708,239","1,103"
TUNGURAHUA,AMBATO,ATAHUALPA (CHISALATA),52,657,709,"360,463","347,776","708,239","1,104"
TUNGURAHUA,AMBATO,ATOCHA (FICOA),970,"1,141","2,111","360,463","347,776","708,239","1,105"
TUNGURAHUA,AMBATO,AUGUSTO N. MARTINEZ (MUNDUGLEO),41,56,97,"360,463","347,776","708,239","1,106"
TUNGURAHUA,AMBATO,CELIANO MONGE,"1,879","1,436","3,315","360,463","347,776","708,239","1,107"
TUNGURAHUA,AMBATO,CONSTANTINO FERNANDEZ,0,0,0,"360,463","347,776","708,239","1,108"
TUNGURAHUA,AMBATO,CUNCHIBAMBA,46,49,95,"360,463","347,776","708,239","1,109"
TUNGURAHUA,AMBATO,HUACHI CHICO,223,313,536,"360,463","347,776","708,239","1,110"
TUNGURAHUA,AMBATO,HUACHI GRANDE,0,0,0,"360,463","347,776","708,239","1,111"
TUNGURAHUA,AMBATO,HUACHI LORETO,"1,470",385,"1,855","360,463","347,776","708,239","1,112"
TUNGURAHUA,AMBATO,IZABAMBA,599,404,"1,003","360,463","347,776","708,239","1,113"
TUNGURAHUA,AMBATO,JUAN BENIGNO VELA,107,105,212,"360,463","347,776","708,239","1,114"
TUNGURAHUA,AMBATO,LA MERCED,"1,330",259,"1,589","360,463","347,776","708,239","1,115"
TUNGURAHUA,AMBATO,LA PENINSULA,0,0,0,"360,463","347,776","708,239","1,116"
TUNGURAHUA,AMBATO,MATRIZ,"1,296",620,"1,916","360,463","347,776","708,239","1,117"
TUNGURAHUA,AMBATO,MONTALVO,0,0,0,"360,463","347,776","708,239","1,118"
TUNGURAHUA,AMBATO,PASA,54,96,150,"360,463","347,776","708,239","1,119"
TUNGURAHUA,AMBATO,PICAIGUA,73,94,167,"360,463","347,776","708,239","1,120"
TUNGURAHUA,AMBATO,PILAG뙬N (PILAH뙬N),34,47,81,"360,463","347,776","708,239","1,121"
TUNGURAHUA,AMBATO,PISHILATA,54,738,792,"360,463","347,776","708,239","1,122"
TUNGURAHUA,AMBATO,QUISAPINCHA (QUIZAPINCHA),127,141,268,"360,463","347,776","708,239","1,123"
TUNGURAHUA,AMBATO,SAN BARTOLOME DE PINLLOG,0,0,0,"360,463","347,776","708,239","1,124"
TUNGURAHUA,AMBATO,SAN FERNANDO (PASA SAN FERNANDO),0,0,0,"360,463","347,776","708,239","1,125"
TUNGURAHUA,AMBATO,SAN FRANCISCO,444,"1,884","2,328","360,463","347,776","708,239","1,126"
TUNGURAHUA,AMBATO,SANTA ROSA,136,197,333,"360,463","347,776","708,239","1,127"
TUNGURAHUA,AMBATO,TOTORAS,24,26,50,"360,463","347,776","708,239","1,128"
TUNGURAHUA,AMBATO,UNAMUNCHO,0,0,0,"360,463","347,776","708,239","1,129"
TUNGURAHUA,BA벮S DE AGUA SANTA,BA벮S DE AGUA SANTA,534,519,"1,053","360,463","347,776","708,239","1,130"
TUNGURAHUA,BA벮S DE AGUA SANTA,LLIGUA,0,0,0,"360,463","347,776","708,239","1,131"
TUNGURAHUA,BA벮S DE AGUA SANTA,RIO NEGRO,0,0,0,"360,463","347,776","708,239","1,132"
TUNGURAHUA,BA벮S DE AGUA SANTA,RIO VERDE,0,0,0,"360,463","347,776","708,239","1,133"
TUNGURAHUA,BA벮S DE AGUA SANTA,ULBA,0,0,0,"360,463","347,776","708,239","1,134"
TUNGURAHUA,CEVALLOS,CEVALLOS,210,192,402,"360,463","347,776","708,239","1,135"
TUNGURAHUA,MOCHA,MOCHA,80,83,163,"360,463","347,776","708,239","1,136"
TUNGURAHUA,MOCHA,PINGUILI,0,0,0,"360,463","347,776","708,239","1,137"
TUNGURAHUA,PATATE,EL TRIUNFO,11,28,39,"360,463","347,776","708,239","1,138"
TUNGURAHUA,PATATE,LOS ANDES,0,0,0,"360,463","347,776","708,239","1,139"
TUNGURAHUA,PATATE,PATATE,113,138,251,"360,463","347,776","708,239","1,140"
TUNGURAHUA,PATATE,SUCRE,18,32,50,"360,463","347,776","708,239","1,141"
TUNGURAHUA,QUERO,QUERO,214,200,414,"360,463","347,776","708,239","1,142"
TUNGURAHUA,QUERO,RUMIPAMBA,0,0,0,"360,463","347,776","708,239","1,143"
TUNGURAHUA,QUERO,YANAYACU - MOCHAPATA,0,0,0,"360,463","347,776","708,239","1,144"
TUNGURAHUA,SAN PEDRO DE PELILEO,BENITEZ (PACHANLICA),0,0,0,"360,463","347,776","708,239","1,145"
TUNGURAHUA,SAN PEDRO DE PELILEO,BOLIVAR,0,0,0,"360,463","347,776","708,239","1,146"
TUNGURAHUA,SAN PEDRO DE PELILEO,CHIQUICHA,0,0,0,"360,463","347,776","708,239","1,147"
TUNGURAHUA,SAN PEDRO DE PELILEO,COTALO,0,0,0,"360,463","347,776","708,239","1,148"
TUNGURAHUA,SAN PEDRO DE PELILEO,EL ROSARIO (RUMICHACA),0,0,0,"360,463","347,776","708,239","1,149"
TUNGURAHUA,SAN PEDRO DE PELILEO,GARCIA MORENO (CHUMAQUI),418,295,713,"360,463","347,776","708,239","1,150"
TUNGURAHUA,SAN PEDRO DE PELILEO,GUAMBALO (HUAMBALO),108,79,187,"360,463","347,776","708,239","1,151"
TUNGURAHUA,SAN PEDRO DE PELILEO,PELILEO,538,819,"1,357","360,463","347,776","708,239","1,152"
TUNGURAHUA,SAN PEDRO DE PELILEO,PELILEO GRANDE,0,0,0,"360,463","347,776","708,239","1,153"
TUNGURAHUA,SAN PEDRO DE PELILEO,SALASACA,187,140,327,"360,463","347,776","708,239","1,154"
TUNGURAHUA,SANTIAGO DE PILLARO,BAQUERIZO MORENO,0,0,0,"360,463","347,776","708,239","1,155"
TUNGURAHUA,SANTIAGO DE PILLARO,CIUDAD NUEVA,632,509,"1,141","360,463","347,776","708,239","1,156"
TUNGURAHUA,SANTIAGO DE PILLARO,EMILIO MARIA TERAN (RUMIPAMBA),0,0,0,"360,463","347,776","708,239","1,157"
TUNGURAHUA,SANTIAGO DE PILLARO,MARCOS ESPINEL (CHACATA),0,0,0,"360,463","347,776","708,239","1,158"
TUNGURAHUA,SANTIAGO DE PILLARO,PILLARO,8,15,23,"360,463","347,776","708,239","1,159"
TUNGURAHUA,SANTIAGO DE PILLARO,PRESIDENTE URBINA (CHAGRAPAMBA-PATZUCUL),0,0,0,"360,463","347,776","708,239","1,160"
TUNGURAHUA,SANTIAGO DE PILLARO,SAN ANDRES,23,124,147,"360,463","347,776","708,239","1,161"
TUNGURAHUA,SANTIAGO DE PILLARO,SAN JOSE DE POALO,0,0,0,"360,463","347,776","708,239","1,162"
TUNGURAHUA,SANTIAGO DE PILLARO,SAN MIGUELITO,45,177,222,"360,463","347,776","708,239","1,163"
TUNGURAHUA,TISALEO,QUINCHICOTO,0,0,0,"360,463","347,776","708,239","1,164"
TUNGURAHUA,TISALEO,TISALEO,97,93,190,"360,463","347,776","708,239","1,165"
ZAMORA CHINCHIPE,CENTINELA DEL CONDOR,ZUMBI,97,87,184,"360,463","347,776","708,239","1,166"
ZAMORA CHINCHIPE,CHINCHIPE,CHITO,14,11,25,"360,463","347,776","708,239","1,167"
ZAMORA CHINCHIPE,CHINCHIPE,EL CHORRO,2,6,8,"360,463","347,776","708,239","1,168"
ZAMORA CHINCHIPE,CHINCHIPE,LA CHONTA,0,0,0,"360,463","347,776","708,239","1,169"
ZAMORA CHINCHIPE,CHINCHIPE,PUCAPAMBA,0,0,0,"360,463","347,776","708,239","1,170"
ZAMORA CHINCHIPE,CHINCHIPE,SAN ANDRES,10,5,15,"360,463","347,776","708,239","1,171"
ZAMORA CHINCHIPE,CHINCHIPE,ZUMBA,205,193,398,"360,463","347,776","708,239","1,172"
ZAMORA CHINCHIPE,EL PANGUI,EL GUISME,0,0,0,"360,463","347,776","708,239","1,173"
ZAMORA CHINCHIPE,EL PANGUI,EL PANGUI,233,202,435,"360,463","347,776","708,239","1,174"
ZAMORA CHINCHIPE,EL PANGUI,PACHICUTZA,0,0,0,"360,463","347,776","708,239","1,175"
ZAMORA CHINCHIPE,EL PANGUI,TUNDAYME,5,5,10,"360,463","347,776","708,239","1,176"
ZAMORA CHINCHIPE,NANGARITZA,GUAYZIMI,90,86,176,"360,463","347,776","708,239","1,177"
ZAMORA CHINCHIPE,NANGARITZA,ZURMI,21,18,39,"360,463","347,776","708,239","1,178"
ZAMORA CHINCHIPE,PALANDA,EL PORVENIR DEL CARMEN,11,13,24,"360,463","347,776","708,239","1,179"
ZAMORA CHINCHIPE,PALANDA,LA CANELA,0,0,0,"360,463","347,776","708,239","1,180"
ZAMORA CHINCHIPE,PALANDA,PALANDA,77,45,122,"360,463","347,776","708,239","1,181"
ZAMORA CHINCHIPE,PALANDA,SAN FRANCISCO DE VERGEL,24,31,55,"360,463","347,776","708,239","1,182"
ZAMORA CHINCHIPE,PALANDA,VALLADOLID,40,40,80,"360,463","347,776","708,239","1,183"
ZAMORA CHINCHIPE,PAQUISHA,BELLAVISTA,0,0,0,"360,463","347,776","708,239","1,184"
ZAMORA CHINCHIPE,PAQUISHA,NUEVO QUITO,12,11,23,"360,463","347,776","708,239","1,185"
ZAMORA CHINCHIPE,PAQUISHA,PAQUISHA,87,73,160,"360,463","347,776","708,239","1,186"
ZAMORA CHINCHIPE,YACUAMBI,28 DE MAYO (SAN JOSE DE YACUAMBI),105,102,207,"360,463","347,776","708,239","1,187"
ZAMORA CHINCHIPE,YACUAMBI,LA PAZ,0,0,0,"360,463","347,776","708,239","1,188"
ZAMORA CHINCHIPE,YACUAMBI,TUTUPALI,0,0,0,"360,463","347,776","708,239","1,189"
ZAMORA CHINCHIPE,YANTZAZA (YANZATZA),CHICA베,19,16,35,"360,463","347,776","708,239","1,190"
ZAMORA CHINCHIPE,YANTZAZA (YANZATZA),LOS ENCUENTROS,50,42,92,"360,463","347,776","708,239","1,191"
ZAMORA CHINCHIPE,YANTZAZA (YANZATZA),YANTZAZA,747,643,"1,390","360,463","347,776","708,239","1,192"
ZAMORA CHINCHIPE,ZAMORA,CUMBARATZA,29,33,62,"360,463","347,776","708,239","1,193"
ZAMORA CHINCHIPE,ZAMORA,EL LIMON,0,0,0,"360,463","347,776","708,239","1,194"
ZAMORA CHINCHIPE,ZAMORA,GUADALUPE,101,108,209,"360,463","347,776","708,239","1,195"
ZAMORA CHINCHIPE,ZAMORA,IMBANA (LA VICTORIA DE IMBANA),30,14,44,"360,463","347,776","708,239","1,196"
ZAMORA CHINCHIPE,ZAMORA,SABANILLA,0,0,0,"360,463","347,776","708,239","1,197"
ZAMORA CHINCHIPE,ZAMORA,SAN CARLOS DE LAS MINAS,28,22,50,"360,463","347,776","708,239","1,198"
ZAMORA CHINCHIPE,ZAMORA,TIMBARA,0,0,0,"360,463","347,776","708,239","1,199"
ZAMORA CHINCHIPE,ZAMORA,ZAMORA,751,724,"1,475","360,463","347,776","708,239","1,200"
Zona No Delimitada,ZND Ca바r - Guayas,EL PIEDRERO,120,108,228,"360,463","347,776","708,239","1,201"
Zona No Delimitada,ZND Manab - Guayas,MANGA DEL CURA,217,209,426,"360,463","347,776","708,239","1,202"
Zona No Delimitada,ZND Pichincha - Esmeraldas - Imbabura,LAS GOLONDRINAS,225,208,433,"360,463","347,776","708,239","1,203"
,,,,,,,,,
,,,,,,,,,
